{
    "CLOS_YM": "202312",
    "JHNT_CTN":"1234567891234",
    "CONTENTS": [
        {
            "CRQF_CD": "5007862",
            "QULF_ITNM": "굴착기운전기능사",
            "QULF_LCNS_LCFN": "국가기술자격",
            "ETL_DT": "2025-01-26 오전 11:06:45"
        },
        {
            "CRQF_CD": "5007862",
            "QULF_ITNM": "굴착기운전기능사",
            "QULF_LCNS_LCFN": "국가기술자격",
            "ETL_DT": "2025-01-26 오전 11:06:45"
        },
        {
            "CRQF_CD": "5007862",
            "QULF_ITNM": "굴착기운전기능사",
            "QULF_LCNS_LCFN": "국가기술자격",
            "ETL_DT": "2025-01-26 오전 11:06:45"
        }

    ]
}