{
  "SEEK_CUST_NO": "1234567891234",
  "CONTENTS": [
    {
        "TMPL_SEQNO": 3,
        "RESUME_TITLE": "OOO님의 이력서입니다.",
        "BASIC_RESUME_YN": "Y",
        "RESUME_ITEM_CLCD": 1,
        "DS_RESUME_ITEM_CLCD": "자격면허",
        "SEQNO": 1,
        "RESUME_ITEM_1_CD": "6005902",
        "DS_RESUME_ITEM_1_CD": "운전면허",
        "RESUME_ITEM_1_NM": "한국산업인력공단",
        "HIST_STDT": "20150131",
        "HIST_ENDT": "20150630",
        "ETC_ITEM_CONT": "회계관리2급",
        "RESUME_ITEM_6_CD": "0203",
        "RESUME_ITEM_6_NM": "통계학과"
    },
    {
        "TMPL_SEQNO": 3,
        "RESUME_TITLE": "OOO님의 이력서입니다.",
        "BASIC_RESUME_YN": "Y",
        "RESUME_ITEM_CLCD": 2,
        "DS_RESUME_ITEM_CLCD": "훈련",
        "SEQNO": 2,
        "RESUME_ITEM_1_CD": "00000000",
        "RESUME_ITEM_2_CD": "Y",
        "RESUME_ITEM_1_NM": "직업전문학교",
        "RESUME_ITEM_2_NM": "캐드 기초 과정 수료",
        "HIST_STDT": "20150131",
        "HIST_ENDT": "20150630",
        "RESUME_ITEM_5_NM": "아파트경리실무",
        "RESUME_ITEM_6_CD": "0203",
        "RESUME_ITEM_6_NM": "통계학과"
    },
    {
        "TMPL_SEQNO": 3,
        "RESUME_TITLE": "OOO님의 이력서입니다.",
        "BASIC_RESUME_YN": "Y",
        "RESUME_ITEM_CLCD": 4,
        "DS_RESUME_ITEM_CLCD": "개인경력",
        "SEQNO": 3,
        "RESUME_ITEM_1_CD": "00000000",
        "RESUME_ITEM_2_CD": "Y",
        "RESUME_ITEM_4_CD": "Y",
        "RESUME_ITEM_1_NM": "네이버",
        "RESUME_ITEM_2_NM": "개발",
        "RESUME_ITEM_3_NM": "사원",
        "HIST_STDT": "20150131",
        "HIST_ENDT": "20150630",
        "ETC_ITEM_CONT": "카카오에서 인턴 근무",
        "CAREER_MMCNT": "5",
        "RESUME_ITEM_6_CD": "0203",
        "RESUME_ITEM_6_NM": "통계학과",
        "COMP_NM_OPEN_YN": "Y",
        "JSCD": "835100",
        "SLRY_AMT": "300",
        "EMMD_OCCP_CL_YEAR": "2025"
    },
    {
        "TMPL_SEQNO": 5,
        "RESUME_TITLE": "OOO님의 이력서입니다.",
        "BASIC_RESUME_YN": "N",
        "RESUME_ITEM_CLCD": 1,
        "DS_RESUME_ITEM_CLCD": "자격면허",
        "SEQNO": 1,
        "RESUME_ITEM_1_CD": "6005902",
        "DS_RESUME_ITEM_1_CD": "운전면허",
        "RESUME_ITEM_1_NM": "한국산업인력공단",
        "HIST_STDT": "20150131",
        "HIST_ENDT": "20150630",
        "ETC_ITEM_CONT": "회계관리2급",
        "RESUME_ITEM_6_CD": "0203",
        "RESUME_ITEM_6_NM": "통계학과"
    },
    {
        "TMPL_SEQNO": 5,
        "RESUME_TITLE": "OOO님의 이력서입니다.",
        "BASIC_RESUME_YN": "N",
        "RESUME_ITEM_CLCD": 2,
        "DS_RESUME_ITEM_CLCD": "훈련",
        "SEQNO": 2,
        "RESUME_ITEM_1_CD": "00000000",
        "RESUME_ITEM_2_CD": "Y",
        "RESUME_ITEM_1_NM": "직업전문학교",
        "RESUME_ITEM_2_NM": "캐드 기초 과정 수료",
        "HIST_STDT": "20150131",
        "HIST_ENDT": "20150630",
        "RESUME_ITEM_5_NM": "아파트경리실무",
        "RESUME_ITEM_6_CD": "0203",
        "RESUME_ITEM_6_NM": "통계학과"
    },
    {
        "TMPL_SEQNO": 5,
        "RESUME_TITLE": "OOO님의 이력서입니다.",
        "BASIC_RESUME_YN": "N",
        "RESUME_ITEM_CLCD": 4,
        "DS_RESUME_ITEM_CLCD": "개인경력",
        "SEQNO": 3,
        "RESUME_ITEM_1_CD": "00000000",
        "RESUME_ITEM_2_CD": "Y",
        "RESUME_ITEM_4_CD": "Y",
        "RESUME_ITEM_1_NM": "네이버",
        "RESUME_ITEM_2_NM": "개발",
        "RESUME_ITEM_3_NM": "사원",
        "HIST_STDT": "20150131",
        "HIST_ENDT": "20150630",
        "ETC_ITEM_CONT": "카카오에서 인턴 근무",
        "CAREER_MMCNT": "5",
        "RESUME_ITEM_6_CD": "0203",
        "RESUME_ITEM_6_NM": "통계학과",
        "COMP_NM_OPEN_YN": "Y",
        "JSCD": "835100",
        "SLRY_AMT": "300",
        "EMMD_OCCP_CL_YEAR": "2025"
    }
 ]
}