{
  "CLOS_YM": "2024-02",
  "JHNT_CTN": "9126112232766",
  "CONTENTS": [
    {
      "CRQF_CD": "3091557",
      "QULF_ITNM": "전기기사",
      "QULF_LCNS_LCFN": "전기/전자",
      "ETL_DT": "2020-10-28 13:32:19"
    },
    {
      "CRQF_CD": "9548594",
      "QULF_ITNM": "기계설계산업기사",
      "QULF_LCNS_LCFN": "기계",
      "ETL_DT": "2020-10-28 13:32:19"
    },
    {
      "CRQF_CD": "0009119",
      "QULF_ITNM": "바리스타 2급",
      "QULF_LCNS_LCFN": "외식/식음료",
      "ETL_DT": "2020-10-28 13:32:19"
    }
  ]
}