{
  "CLOS_YM": "2025-05",
  "JHNT_CTN": "2226178919998",
  "CONTENTS": [
    {
      "CRQF_CD": "9655488",
      "QULF_ITNM": "전산회계 1급",
      "QULF_LCNS_LCFN": "회계/세무",
      "ETL_DT": "2020-12-12 07:37:14"
    },
    {
      "CRQF_CD": "5208322",
      "QULF_ITNM": "전산세무 2급",
      "QULF_LCNS_LCFN": "회계/세무",
      "ETL_DT": "2020-12-12 07:37:14"
    },
    {
      "CRQF_CD": "3091557",
      "QULF_ITNM": "전기기사",
      "QULF_LCNS_LCFN": "전기/전자",
      "ETL_DT": "2020-12-12 07:37:14"
    }
  ]
}