{
  "CLOS_YM": "2021-08",
  "JHNT_CTN": "5222393383021",
  "CONTENTS": [
    {
      "CRQF_CD": "9548594",
      "QULF_ITNM": "기계설계산업기사",
      "QULF_LCNS_LCFN": "기계",
      "ETL_DT": "2025-08-30 20:04:02"
    },
    {
      "CRQF_CD": "0009119",
      "QULF_ITNM": "바리스타 2급",
      "QULF_LCNS_LCFN": "외식/식음료",
      "ETL_DT": "2025-08-30 20:04:02"
    },
    {
      "CRQF_CD": "5543977",
      "QULF_ITNM": "건축기사",
      "QULF_LCNS_LCFN": "건설/건축",
      "ETL_DT": "2025-08-30 20:04:02"
    }
  ]
}