{
  "CLOS_YM": "2023-03",
  "JHNT_CTN": "5248458968218",
  "CONTENTS": [
    {
      "CRQF_CD": "5531896",
      "QULF_ITNM": "산업안전기사",
      "QULF_LCNS_LCFN": "안전관리",
      "ETL_DT": "2021-03-27 07:28:37"
    },
    {
      "CRQF_CD": "0009119",
      "QULF_ITNM": "바리스타 2급",
      "QULF_LCNS_LCFN": "외식/식음료",
      "ETL_DT": "2021-03-27 07:28:37"
    },
    {
      "CRQF_CD": "9655488",
      "QULF_ITNM": "전산회계 1급",
      "QULF_LCNS_LCFN": "회계/세무",
      "ETL_DT": "2021-03-27 07:28:37"
    },
    {
      "CRQF_CD": "5208322",
      "QULF_ITNM": "전산세무 2급",
      "QULF_LCNS_LCFN": "회계/세무",
      "ETL_DT": "2021-03-27 07:28:37"
    }
  ]
}