{
  "CLOS_YM": "2021-09",
  "JHNT_CTN": "1284495910235",
  "CONTENTS": [
    {
      "CRQF_CD": "4253756",
      "QULF_ITNM": "정보처리기사",
      "QULF_LCNS_LCFN": "정보처리/소프트웨어",
      "ETL_DT": "2022-11-08 02:50:42"
    },
    {
      "CRQF_CD": "5531896",
      "QULF_ITNM": "산업안전기사",
      "QULF_LCNS_LCFN": "안전관리",
      "ETL_DT": "2022-11-08 02:50:42"
    },
    {
      "CRQF_CD": "7665556",
      "QULF_ITNM": "컴퓨터활용능력 1급",
      "QULF_LCNS_LCFN": "사무자동화",
      "ETL_DT": "2022-11-08 02:50:42"
    },
    {
      "CRQF_CD": "9548594",
      "QULF_ITNM": "기계설계산업기사",
      "QULF_LCNS_LCFN": "기계",
      "ETL_DT": "2022-11-08 02:50:42"
    },
    {
      "CRQF_CD": "0009119",
      "QULF_ITNM": "바리스타 2급",
      "QULF_LCNS_LCFN": "외식/식음료",
      "ETL_DT": "2022-11-08 02:50:42"
    }
  ]
}