{
  "CLOS_YM": "2022-11",
  "JHNT_CTN": "3872925911240",
  "CONTENTS": [
    {
      "CRQF_CD": "9548594",
      "QULF_ITNM": "기계설계산업기사",
      "QULF_LCNS_LCFN": "기계",
      "ETL_DT": "2021-10-09 20:00:50"
    },
    {
      "CRQF_CD": "3034865",
      "QULF_ITNM": "지게차운전기능사",
      "QULF_LCNS_LCFN": "물류/운전",
      "ETL_DT": "2021-10-09 20:00:50"
    },
    {
      "CRQF_CD": "4253756",
      "QULF_ITNM": "정보처리기사",
      "QULF_LCNS_LCFN": "정보처리/소프트웨어",
      "ETL_DT": "2021-10-09 20:00:50"
    },
    {
      "CRQF_CD": "5208322",
      "QULF_ITNM": "전산세무 2급",
      "QULF_LCNS_LCFN": "회계/세무",
      "ETL_DT": "2021-10-09 20:00:50"
    }
  ]
}