{
  "CLOS_YM": "2020-08",
  "JHNT_CTN": "4012501560519",
  "CONTENTS": [
    {
      "CRQF_CD": "3091557",
      "QULF_ITNM": "전기기사",
      "QULF_LCNS_LCFN": "전기/전자",
      "ETL_DT": "2025-07-19 04:22:58"
    },
    {
      "CRQF_CD": "9655488",
      "QULF_ITNM": "전산회계 1급",
      "QULF_LCNS_LCFN": "회계/세무",
      "ETL_DT": "2025-07-19 04:22:58"
    },
    {
      "CRQF_CD": "0009119",
      "QULF_ITNM": "바리스타 2급",
      "QULF_LCNS_LCFN": "외식/식음료",
      "ETL_DT": "2025-07-19 04:22:58"
    }
  ]
}