{
  "CLOS_YM": "2024-08",
  "JHNT_CTN": "3395209173595",
  "CONTENTS": [
    {
      "CRQF_CD": "7665556",
      "QULF_ITNM": "컴퓨터활용능력 1급",
      "QULF_LCNS_LCFN": "사무자동화",
      "ETL_DT": "2020-09-15 01:42:46"
    },
    {
      "CRQF_CD": "0009119",
      "QULF_ITNM": "바리스타 2급",
      "QULF_LCNS_LCFN": "외식/식음료",
      "ETL_DT": "2020-09-15 01:42:46"
    },
    {
      "CRQF_CD": "9548594",
      "QULF_ITNM": "기계설계산업기사",
      "QULF_LCNS_LCFN": "기계",
      "ETL_DT": "2020-09-15 01:42:46"
    },
    {
      "CRQF_CD": "3091557",
      "QULF_ITNM": "전기기사",
      "QULF_LCNS_LCFN": "전기/전자",
      "ETL_DT": "2020-09-15 01:42:46"
    }
  ]
}