{
  "CLOS_YM": "2022-12",
  "JHNT_CTN": "9802295186219",
  "CONTENTS": [
    {
      "CRQF_CD": "3091557",
      "QULF_ITNM": "전기기사",
      "QULF_LCNS_LCFN": "전기/전자",
      "ETL_DT": "2022-01-25 06:35:42"
    },
    {
      "CRQF_CD": "0009119",
      "QULF_ITNM": "바리스타 2급",
      "QULF_LCNS_LCFN": "외식/식음료",
      "ETL_DT": "2022-01-25 06:35:42"
    },
    {
      "CRQF_CD": "4253756",
      "QULF_ITNM": "정보처리기사",
      "QULF_LCNS_LCFN": "정보처리/소프트웨어",
      "ETL_DT": "2022-01-25 06:35:42"
    }
  ]
}