{
  "CLOS_YM": "2023-08",
  "JHNT_CTN": "3468939975253",
  "CONTENTS": [
    {
      "CRQF_CD": "4253756",
      "QULF_ITNM": "정보처리기사",
      "QULF_LCNS_LCFN": "정보처리/소프트웨어",
      "ETL_DT": "2021-03-07 02:45:56"
    },
    {
      "CRQF_CD": "7665556",
      "QULF_ITNM": "컴퓨터활용능력 1급",
      "QULF_LCNS_LCFN": "사무자동화",
      "ETL_DT": "2021-03-07 02:45:56"
    },
    {
      "CRQF_CD": "5531896",
      "QULF_ITNM": "산업안전기사",
      "QULF_LCNS_LCFN": "안전관리",
      "ETL_DT": "2021-03-07 02:45:56"
    }
  ]
}