{
  "CLOS_YM": "2025-05",
  "JHNT_CTN": "1610124015054",
  "CONTENTS": [
    {
      "CRQF_CD": "5543977",
      "QULF_ITNM": "건축기사",
      "QULF_LCNS_LCFN": "건설/건축",
      "ETL_DT": "2021-01-14 07:40:32"
    },
    {
      "CRQF_CD": "5531896",
      "QULF_ITNM": "산업안전기사",
      "QULF_LCNS_LCFN": "안전관리",
      "ETL_DT": "2021-01-14 07:40:32"
    },
    {
      "CRQF_CD": "5208322",
      "QULF_ITNM": "전산세무 2급",
      "QULF_LCNS_LCFN": "회계/세무",
      "ETL_DT": "2021-01-14 07:40:32"
    }
  ]
}