{
  "CLOS_YM": "2020-05",
  "JHNT_CTN": "6429150253387",
  "CONTENTS": [
    {
      "CRQF_CD": "5531896",
      "QULF_ITNM": "산업안전기사",
      "QULF_LCNS_LCFN": "안전관리",
      "ETL_DT": "2023-08-27 02:20:36"
    },
    {
      "CRQF_CD": "7665556",
      "QULF_ITNM": "컴퓨터활용능력 1급",
      "QULF_LCNS_LCFN": "사무자동화",
      "ETL_DT": "2023-08-27 02:20:36"
    },
    {
      "CRQF_CD": "9655488",
      "QULF_ITNM": "전산회계 1급",
      "QULF_LCNS_LCFN": "회계/세무",
      "ETL_DT": "2023-08-27 02:20:36"
    },
    {
      "CRQF_CD": "5543977",
      "QULF_ITNM": "건축기사",
      "QULF_LCNS_LCFN": "건설/건축",
      "ETL_DT": "2023-08-27 02:20:36"
    }
  ]
}