{
  "CLOS_YM": "2025-07",
  "JHNT_CTN": "6077390690611",
  "CONTENTS": [
    {
      "CRQF_CD": "7665556",
      "QULF_ITNM": "컴퓨터활용능력 1급",
      "QULF_LCNS_LCFN": "사무자동화",
      "ETL_DT": "2020-02-10 06:23:06"
    },
    {
      "CRQF_CD": "9548594",
      "QULF_ITNM": "기계설계산업기사",
      "QULF_LCNS_LCFN": "기계",
      "ETL_DT": "2020-02-10 06:23:06"
    },
    {
      "CRQF_CD": "3034865",
      "QULF_ITNM": "지게차운전기능사",
      "QULF_LCNS_LCFN": "물류/운전",
      "ETL_DT": "2020-02-10 06:23:06"
    },
    {
      "CRQF_CD": "4253756",
      "QULF_ITNM": "정보처리기사",
      "QULF_LCNS_LCFN": "정보처리/소프트웨어",
      "ETL_DT": "2020-02-10 06:23:06"
    }
  ]
}