{
  "CLOS_YM": "2021-03",
  "JHNT_CTN": "9608440197432",
  "CONTENTS": [
    {
      "CRQF_CD": "5543977",
      "QULF_ITNM": "건축기사",
      "QULF_LCNS_LCFN": "건설/건축",
      "ETL_DT": "2021-09-22 14:24:54"
    },
    {
      "CRQF_CD": "9548594",
      "QULF_ITNM": "기계설계산업기사",
      "QULF_LCNS_LCFN": "기계",
      "ETL_DT": "2021-09-22 14:24:54"
    },
    {
      "CRQF_CD": "0009119",
      "QULF_ITNM": "바리스타 2급",
      "QULF_LCNS_LCFN": "외식/식음료",
      "ETL_DT": "2021-09-22 14:24:54"
    },
    {
      "CRQF_CD": "3091557",
      "QULF_ITNM": "전기기사",
      "QULF_LCNS_LCFN": "전기/전자",
      "ETL_DT": "2021-09-22 14:24:54"
    }
  ]
}