{
  "CLOS_YM": "2021-06",
  "JHNT_CTN": "8405483002305",
  "CONTENTS": [
    {
      "CRQF_CD": "5531896",
      "QULF_ITNM": "산업안전기사",
      "QULF_LCNS_LCFN": "안전관리",
      "ETL_DT": "2020-06-15 21:00:12"
    },
    {
      "CRQF_CD": "3034865",
      "QULF_ITNM": "지게차운전기능사",
      "QULF_LCNS_LCFN": "물류/운전",
      "ETL_DT": "2020-06-15 21:00:12"
    },
    {
      "CRQF_CD": "0009119",
      "QULF_ITNM": "바리스타 2급",
      "QULF_LCNS_LCFN": "외식/식음료",
      "ETL_DT": "2020-06-15 21:00:12"
    },
    {
      "CRQF_CD": "9548594",
      "QULF_ITNM": "기계설계산업기사",
      "QULF_LCNS_LCFN": "기계",
      "ETL_DT": "2020-06-15 21:00:12"
    }
  ]
}