{
  "CLOS_YM": "2021-10",
  "JHNT_CTN": "1519624275879",
  "CONTENTS": [
    {
      "CRQF_CD": "9655488",
      "QULF_ITNM": "전산회계 1급",
      "QULF_LCNS_LCFN": "회계/세무",
      "ETL_DT": "2022-04-22 17:59:56"
    },
    {
      "CRQF_CD": "3091557",
      "QULF_ITNM": "전기기사",
      "QULF_LCNS_LCFN": "전기/전자",
      "ETL_DT": "2022-04-22 17:59:56"
    },
    {
      "CRQF_CD": "3034865",
      "QULF_ITNM": "지게차운전기능사",
      "QULF_LCNS_LCFN": "물류/운전",
      "ETL_DT": "2022-04-22 17:59:56"
    },
    {
      "CRQF_CD": "7665556",
      "QULF_ITNM": "컴퓨터활용능력 1급",
      "QULF_LCNS_LCFN": "사무자동화",
      "ETL_DT": "2022-04-22 17:59:56"
    },
    {
      "CRQF_CD": "9548594",
      "QULF_ITNM": "기계설계산업기사",
      "QULF_LCNS_LCFN": "기계",
      "ETL_DT": "2022-04-22 17:59:56"
    }
  ]
}