{
  "CLOS_YM": "2022-10",
  "JHNT_CTN": "2933594053778",
  "CONTENTS": [
    {
      "CRQF_CD": "9548594",
      "QULF_ITNM": "기계설계산업기사",
      "QULF_LCNS_LCFN": "기계",
      "ETL_DT": "2021-02-26 05:19:32"
    },
    {
      "CRQF_CD": "5531896",
      "QULF_ITNM": "산업안전기사",
      "QULF_LCNS_LCFN": "안전관리",
      "ETL_DT": "2021-02-26 05:19:32"
    },
    {
      "CRQF_CD": "7665556",
      "QULF_ITNM": "컴퓨터활용능력 1급",
      "QULF_LCNS_LCFN": "사무자동화",
      "ETL_DT": "2021-02-26 05:19:32"
    },
    {
      "CRQF_CD": "5208322",
      "QULF_ITNM": "전산세무 2급",
      "QULF_LCNS_LCFN": "회계/세무",
      "ETL_DT": "2021-02-26 05:19:32"
    }
  ]
}