{
  "CLOS_YM": "2025-02",
  "JHNT_CTN": "1985447520022",
  "CONTENTS": [
    {
      "CRQF_CD": "3091557",
      "QULF_ITNM": "전기기사",
      "QULF_LCNS_LCFN": "전기/전자",
      "ETL_DT": "2022-11-07 06:57:38"
    },
    {
      "CRQF_CD": "9548594",
      "QULF_ITNM": "기계설계산업기사",
      "QULF_LCNS_LCFN": "기계",
      "ETL_DT": "2022-11-07 06:57:38"
    },
    {
      "CRQF_CD": "3034865",
      "QULF_ITNM": "지게차운전기능사",
      "QULF_LCNS_LCFN": "물류/운전",
      "ETL_DT": "2022-11-07 06:57:38"
    },
    {
      "CRQF_CD": "5531896",
      "QULF_ITNM": "산업안전기사",
      "QULF_LCNS_LCFN": "안전관리",
      "ETL_DT": "2022-11-07 06:57:38"
    }
  ]
}