{
  "SEEK_CUST_NO": "4535349601592",
  "CONTENTS": [
    {
      "SFID_NO": 1,
      "BASS_SFID_YN": "Y",
      "SFID_IEM_SN": 0,
      "SFID_SJNM": "OOO님의 자기소개서 입니다.",
      "SFID_IEM_SECD": "12",
      "DS_SFID_IEM_SECD": "가치관",
      "SFID_IEM_SJNM": "팀워크와 책임감을 통해 가치를 창출하는 인재입니다",
      "SELF_INTRO_CONT": "저는 항상 팀워크와 책임감을 바탕으로 가치 있는 성장을 추구해왔습니다. 문제 해결 과정에서 동료들과 협력하며 다양한 의견을 존중하고, 이를 통해 최선의 결과를 도출하는 것을 중요하게 생각합니다. 이러한 과정은 저에게 개인적인 성장뿐만 아니라, 팀 전체의 발전에도 기여할 수 있는 기회를 제공합니다. 매사에 책임을 다하며, 긍정적인 변화와 혁신을 이끌어내는 것이 제 가치관의 핵심입니다. 이를 통해 더 나은 미래를 만들어가는 데 기여하고자 합니다."
    },
    {
      "SFID_NO": 1,
      "BASS_SFID_YN": "Y",
      "SFID_IEM_SN": 1,
      "SFID_SJNM": "",
      "SFID_IEM_SECD": "12",
      "DS_SFID_IEM_SECD": "가치관",
      "SFID_IEM_SJNM": "팀워크와 책임감을 통해 가치를 창출하는 인재입니다",
      "SELF_INTRO_CONT": "저는 항상 팀워크와 책임감을 바탕으로 가치 있는 성장을 추구해왔습니다. 문제 해결 과정에서 동료들과 협력하며 다양한 의견을 존중하고, 이를 통해 최선의 결과를 도출하는 것을 중요하게 생각합니다. 이러한 과정은 저에게 개인적인 성장뿐만 아니라, 팀 전체의 발전에도 기여할 수 있는 기회를 제공합니다. 매사에 책임을 다하며, 긍정적인 변화와 혁신을 이끌어내는 것이 제 가치관의 핵심입니다. 이를 통해 더 나은 미래를 만들어가는 데 기여하고자 합니다."
    },
    {
      "SFID_NO": 1,
      "BASS_SFID_YN": "Y",
      "SFID_IEM_SN": 2,
      "SFID_SJNM": "",
      "SFID_IEM_SECD": "12",
      "DS_SFID_IEM_SECD": "가치관",
      "SFID_IEM_SJNM": "팀워크와 책임감을 통해 가치를 창출하는 인재입니다",
      "SELF_INTRO_CONT": "저는 항상 팀워크와 책임감을 바탕으로 가치 있는 성장을 추구해왔습니다. 문제 해결 과정에서 동료들과 협력하며 다양한 의견을 존중하고, 이를 통해 최선의 결과를 도출하는 것을 중요하게 생각합니다. 이러한 과정은 저에게 개인적인 성장뿐만 아니라, 팀 전체의 발전에도 기여할 수 있는 기회를 제공합니다. 매사에 책임을 다하며, 긍정적인 변화와 혁신을 이끌어내는 것이 제 가치관의 핵심입니다. 이를 통해 더 나은 미래를 만들어가는 데 기여하고자 합니다."
    },
    {
      "SFID_NO": 2,
      "BASS_SFID_YN": "N",
      "SFID_IEM_SN": 0,
      "SFID_SJNM": "OOO님의 자기소개서 입니다.",
      "SFID_IEM_SECD": "10",
      "DS_SFID_IEM_SECD": "입사 후 포부",
      "SFID_IEM_SJNM": "협력과 소통으로 팀의 시너지를 극대화하겠습니다",
      "SELF_INTRO_CONT": "입사 후, 저는 팀의 일원으로서 협력과 소통을 통해 시너지를 창출하고 싶습니다. 다양한 문제 해결 경험을 바탕으로, 발생하는 이슈에 대해 적극적으로 접근하며 실질적인 해결책을 제시하겠습니다. 또한, 지속적인 자기 개발을 통해 변화하는 시장에 발맞추고, 회사의 성장에 기여할 수 있는 전문가로 성장하겠습니다. 책임감을 가지고 맡은 바 업무를 수행하며, 동료들과 함께 목표를 달성하는 과정에서 신뢰를 쌓고 긍정적인 조직 문화를 만들어 나가겠습니다."
    },
    {
      "SFID_NO": 2,
      "BASS_SFID_YN": "N",
      "SFID_IEM_SN": 1,
      "SFID_SJNM": "",
      "SFID_IEM_SECD": "99",
      "DS_SFID_IEM_SECD": "기타",
      "SFID_IEM_SJNM": "팀워크와 문제 해결 능력을 통해 성장한 경험을 가지고 있습니다.",
      "SELF_INTRO_CONT": "다양한 경험을 통해 문제 해결 능력과 팀워크의 중요성을 깊이 이해하게 되었습니다. 대학 시절, 여러 프로젝트에서 팀원으로 참여하며 각자의 의견을 존중하고 조율하는 과정을 통해 협력의 가치를 실감했습니다. 특히, 예기치 않은 문제에 직면했을 때는 팀원들과 함께 brainstorming을 통해 창의적인 해결책을 도출하며 성장했습니다. 또한, 책임감을 가지고 맡은 역할을 수행하며 팀의 목표 달성에 기여한 경험은 저에게 큰 자산이 되었습니다. 앞으로도 끊임없이 배우고 성장하며, 팀과 함께 더 나은 결과를 만들어가는 일에 최선을 다할 것입니다."
    },
    {
      "SFID_NO": 2,
      "BASS_SFID_YN": "N",
      "SFID_IEM_SN": 2,
      "SFID_SJNM": "",
      "SFID_IEM_SECD": "09",
      "DS_SFID_IEM_SECD": "지원동기",
      "SFID_IEM_SJNM": "팀워크와 책임감을 바탕으로 혁신을 추구하고 있습니다.",
      "SELF_INTRO_CONT": "저는 항상 팀워크와 문제 해결을 통해 성장하는 것을 중요하게 생각해왔습니다. 이 과정에서 다양한 경험을 쌓으며 책임감을 기르게 되었고, 이를 통해 더욱 효과적으로 목표를 달성할 수 있었습니다. 지원하게 된 이유는 귀사의 비전과 가치가 저의 신념과 일치하기 때문입니다. 특히, 협업을 통해 혁신적인 해결책을 모색하고, 지속적으로 발전하는 환경에서 제 역량을 발휘하고 싶습니다. 함께 일하며 더 나은 결과를 만들어가는 과정에 기여하고 싶습니다."
    },
    {
      "SFID_NO": 2,
      "BASS_SFID_YN": "N",
      "SFID_IEM_SN": 3,
      "SFID_SJNM": "",
      "SFID_IEM_SECD": "11",
      "DS_SFID_IEM_SECD": "성장과정",
      "SFID_IEM_SJNM": "팀워크와 문제 해결로 성과를 이끌어낸 경험이 있습니다.",
      "SELF_INTRO_CONT": "저는 항상 팀워크와 문제 해결의 중요성을 강조하며 성장해왔습니다. 어린 시절, 다양한 동아리 활동을 통해 친구들과 협력하여 목표를 달성하는 경험을 쌓았습니다. 특히, 중학교 시절 학교 축제 준비를 하면서 팀원들과의 소통과 역할 분담의 중요성을 깨달았습니다. 이러한 경험은 고등학교와 대학에서도 이어졌고, 프로젝트를 수행할 때마다 책임감을 가지고 임하며 문제를 해결하는 데 집중했습니다. 그 결과, 팀이 목표를 초과 달성하는 성과를 이루었고, 이는 저의 성장에 큰 밑거름이 되었습니다. 이러한 경험을 바탕으로 앞으로도 끊임없이 배우고 성장하며, 팀과 함께 더 나은 결과를 만들어 나가고 싶습니다."
    },
    {
      "SFID_NO": 3,
      "BASS_SFID_YN": "N",
      "SFID_IEM_SN": 0,
      "SFID_SJNM": "OOO님의 자기소개서 입니다.",
      "SFID_IEM_SECD": "10",
      "DS_SFID_IEM_SECD": "입사 후 포부",
      "SFID_IEM_SJNM": "협력과 소통으로 팀의 시너지를 극대화하겠습니다",
      "SELF_INTRO_CONT": "입사 후, 저는 팀의 일원으로서 협력과 소통을 통해 시너지를 창출하고 싶습니다. 다양한 문제 해결 경험을 바탕으로, 발생하는 이슈에 대해 적극적으로 접근하며 실질적인 해결책을 제시하겠습니다. 또한, 지속적인 자기 개발을 통해 변화하는 시장에 발맞추고, 회사의 성장에 기여할 수 있는 전문가로 성장하겠습니다. 책임감을 가지고 맡은 바 업무를 수행하며, 동료들과 함께 목표를 달성하는 과정에서 신뢰를 쌓고 긍정적인 조직 문화를 만들어 나가겠습니다."
    },
    {
      "SFID_NO": 3,
      "BASS_SFID_YN": "N",
      "SFID_IEM_SN": 1,
      "SFID_SJNM": "",
      "SFID_IEM_SECD": "02",
      "DS_SFID_IEM_SECD": "학창생활",
      "SFID_IEM_SJNM": "팀워크와 문제 해결 능력을 통해 성장한 경험을 가지고 있습니다.",
      "SELF_INTRO_CONT": "학창 시절, 다양한 활동을 통해 팀워크와 문제 해결 능력을 키웠습니다. 특히, 학급 대표로서 여러 프로젝트를 진행하며 친구들과 협력해 목표를 달성하는 기쁨을 느꼈습니다. 이러한 경험은 저에게 책임감을 심어주었고, 어려운 상황에서도 해결책을 찾는 데 집중할 수 있는 힘을 주었습니다. 또한, 동아리 활동을 통해 서로 다른 의견을 존중하고 조율하는 방법을 배우며 성장할 수 있었습니다. 이 모든 경험은 저의 인성과 능력을 발전시키는 데 큰 도움이 되었고, 앞으로의 도전에서도 이러한 배움을 바탕으로 성과를 이루고자 합니다."
    },
    {
      "SFID_NO": 3,
      "BASS_SFID_YN": "N",
      "SFID_IEM_SN": 2,
      "SFID_SJNM": "",
      "SFID_IEM_SECD": "12",
      "DS_SFID_IEM_SECD": "가치관",
      "SFID_IEM_SJNM": "팀워크와 책임감을 통해 가치를 창출하는 인재입니다",
      "SELF_INTRO_CONT": "저는 항상 팀워크와 책임감을 바탕으로 가치 있는 성장을 추구해왔습니다. 문제 해결 과정에서 동료들과 협력하며 다양한 의견을 존중하고, 이를 통해 최선의 결과를 도출하는 것을 중요하게 생각합니다. 이러한 과정은 저에게 개인적인 성장뿐만 아니라, 팀 전체의 발전에도 기여할 수 있는 기회를 제공합니다. 매사에 책임을 다하며, 긍정적인 변화와 혁신을 이끌어내는 것이 제 가치관의 핵심입니다. 이를 통해 더 나은 미래를 만들어가는 데 기여하고자 합니다."
    },
    {
      "SFID_NO": 3,
      "BASS_SFID_YN": "N",
      "SFID_IEM_SN": 3,
      "SFID_SJNM": "",
      "SFID_IEM_SECD": "12",
      "DS_SFID_IEM_SECD": "가치관",
      "SFID_IEM_SJNM": "팀워크와 책임감을 통해 가치를 창출하는 인재입니다",
      "SELF_INTRO_CONT": "저는 항상 팀워크와 책임감을 바탕으로 가치 있는 성장을 추구해왔습니다. 문제 해결 과정에서 동료들과 협력하며 다양한 의견을 존중하고, 이를 통해 최선의 결과를 도출하는 것을 중요하게 생각합니다. 이러한 과정은 저에게 개인적인 성장뿐만 아니라, 팀 전체의 발전에도 기여할 수 있는 기회를 제공합니다. 매사에 책임을 다하며, 긍정적인 변화와 혁신을 이끌어내는 것이 제 가치관의 핵심입니다. 이를 통해 더 나은 미래를 만들어가는 데 기여하고자 합니다."
    }
  ]
}