{
    "SEEK_CUST_NO": "1234567891234",
    "CONTENTS": [
        {
            "SFID_NO": 1,
            "BASS_SFID_YN": "Y",
            "SFID_IEM_SN": 0,
            "SFID_SJNM": "OOO님의 자기소개서입니다.",
            "SFID_IEM_SECD": "01",
            "DS_SFID_IEM_SECD": "나의가족",
            "SFID_IEM_SJNM": "말보다는 행동으로 증명하겠습니다.",
            "SELF_INTRO_CONT": "안녕하세요. 저는 항상 최선을 다하는 사람입니다. 새로운 도전에 두려움 없이 맞서며, 팀원들과 협력하여 목표를 달성하는 것을 중요하게 생각합니다. 제 가족은 저에게 큰 힘이 되어주며, 그들의 지지와 사랑 덕분에 어려운 상황에서도 포기하지 않고 나아갈 수 있었습니다. 앞으로도 가족의 가치를 소중히 여기며, 회사에서도 긍정적인 영향을 미치는 사람이 되고 싶습니다."
        },
        {
            "SFID_NO": 1,
            "BASS_SFID_YN": "Y",
            "SFID_IEM_SN": 2,
            "SFID_SJNM": "OOO님의 자기소개서입니다.",
            "SFID_IEM_SECD": "02",
            "DS_SFID_IEM_SECD": "학창생활",
            "SFID_IEM_SJNM": "팀웍의 중요성을 배웠습니다.",
            "SELF_INTRO_CONT": "저는 항상 새로운 도전을 통해 성장하는 것을 즐깁니다. 학창시절부터 다양한 활동에 참여하며 리더십과 협동심을 키워왔습니다. 특히, 어려운 과제를 해결하기 위해 팀원들과 협력하는 과정에서 많은 것을 배웠습니다. 이러한 경험들은 저를 더욱 성숙하고 책임감 있는 사람으로 만들어 주었으며, 앞으로도 계속해서 발전해 나가고자 합니다."
        },
        {
            "SFID_NO": 1,
            "BASS_SFID_YN": "Y",
            "SFID_IEM_SN": 7,
            "SFID_SJNM": "OOO님의 자기소개서입니다.",
            "SFID_IEM_SECD": "07",
            "DS_SFID_IEM_SECD": "어학연수",
            "SFID_IEM_SJNM": "팀웍의 중요성을 배웠습니다.",
            "SELF_INTRO_CONT": "저는 항상 새로운 도전을 통해 성장하는 것을 즐깁니다. 학창시절부터 다양한 활동에 참여하며 리더십과 협동심을 키워왔습니다. 특히, 어려운 과제를 해결하기 위해 팀원들과 협력하는 과정에서 많은 것을 배웠습니다. 이러한 경험들은 저를 더욱 성숙하고 책임감 있는 사람으로 만들어 주었으며, 앞으로도 계속해서 발전해 나가고자 합니다."
        },
        {
            "SFID_NO": 1,
            "BASS_SFID_YN": "Y",
            "SFID_IEM_SN": 8,
            "SFID_SJNM": "OOO님의 자기소개서입니다.",
            "SFID_IEM_SECD": "08",
            "DS_SFID_IEM_SECD": "어학연수",
            "SFID_IEM_SJNM": "팀웍의 중요성을 배웠습니다.",
            "SELF_INTRO_CONT": "저는 항상 새로운 도전을 통해 성장하는 것을 즐깁니다. 학창시절부터 다양한 활동에 참여하며 리더십과 협동심을 키워왔습니다. 특히, 어려운 과제를 해결하기 위해 팀원들과 협력하는 과정에서 많은 것을 배웠습니다. 이러한 경험들은 저를 더욱 성숙하고 책임감 있는 사람으로 만들어 주었으며, 앞으로도 계속해서 발전해 나가고자 합니다."
        },
        {
            "SFID_NO": 2,
            "BASS_SFID_YN": "N",
            "SFID_IEM_SN": 1,
            "SFID_SJNM": "OOO님의 자기소개서입니다.",
            "SFID_IEM_SECD": "08",
            "DS_SFID_IEM_SECD": "가정환경",
            "SFID_IEM_SJNM": "팀웍의 중요성을 배웠습니다.",
            "SELF_INTRO_CONT": "저는 항상 새로운 도전을 통해 성장하는 것을 즐깁니다. 학창시절부터 다양한 활동에 참여하며 리더십과 협동심을 키워왔습니다. 특히, 어려운 과제를 해결하기 위해 팀원들과 협력하는 과정에서 많은 것을 배웠습니다. 이러한 경험들은 저를 더욱 성숙하고 책임감 있는 사람으로 만들어 주었으며, 앞으로도 계속해서 발전해 나가고자 합니다."
        },
        {
            "SFID_NO": 2,
            "BASS_SFID_YN": "N",
            "SFID_IEM_SN": 2,
            "SFID_SJNM": "OOO님의 자기소개서입니다.",
            "SFID_IEM_SECD": "08",
            "DS_SFID_IEM_SECD": "학창시절",
            "SFID_IEM_SJNM": "팀웍의 중요성을 배웠습니다.",
            "SELF_INTRO_CONT": "저는 항상 새로운 도전을 통해 성장하는 것을 즐깁니다. 학창시절부터 다양한 활동에 참여하며 리더십과 협동심을 키워왔습니다. 특히, 어려운 과제를 해결하기 위해 팀원들과 협력하는 과정에서 많은 것을 배웠습니다. 이러한 경험들은 저를 더욱 성숙하고 책임감 있는 사람으로 만들어 주었으며, 앞으로도 계속해서 발전해 나가고자 합니다."
        },
        {
            "SFID_NO": 2,
            "BASS_SFID_YN": "N",
            "SFID_IEM_SN": 7,
            "SFID_SJNM": "OOO님의 자기소개서입니다.",
            "SFID_IEM_SECD": "07",
            "DS_SFID_IEM_SECD": "어학연수",
            "SFID_IEM_SJNM": "팀웍의 중요성을 배웠습니다.",
            "SELF_INTRO_CONT": "저는 항상 새로운 도전을 통해 성장하는 것을 즐깁니다. 학창시절부터 다양한 활동에 참여하며 리더십과 협동심을 키워왔습니다. 특히, 어려운 과제를 해결하기 위해 팀원들과 협력하는 과정에서 많은 것을 배웠습니다. 이러한 경험들은 저를 더욱 성숙하고 책임감 있는 사람으로 만들어 주었으며, 앞으로도 계속해서 발전해 나가고자 합니다."
        },
        {
            "SFID_NO": 2,
            "BASS_SFID_YN": "N",
            "SFID_IEM_SN": 8,
            "SFID_SJNM": "OOO님의 자기소개서입니다.",
            "SFID_IEM_SECD": "08",
            "DS_SFID_IEM_SECD": "어학연수",
            "SFID_IEM_SJNM": "팀웍의 중요성을 배웠습니다.",
            "SELF_INTRO_CONT": "저는 항상 새로운 도전을 통해 성장하는 것을 즐깁니다. 학창시절부터 다양한 활동에 참여하며 리더십과 협동심을 키워왔습니다. 특히, 어려운 과제를 해결하기 위해 팀원들과 협력하는 과정에서 많은 것을 배웠습니다. 이러한 경험들은 저를 더욱 성숙하고 책임감 있는 사람으로 만들어 주었으며, 앞으로도 계속해서 발전해 나가고자 합니다."
        }
    ]
}