{
  "SEEK_CUST_NO": "5938814331853",
  "CONTENTS": [
    {
      "TMPL_SEQNO": 1,
      "RESUME_TITLE": "OOO님의 이력서입니다.",
      "BASIC_RESUME_YN": "Y",
      "RESUME_ITEM_CLCD": "3",
      "DS_RESUME_ITEM_CLCD": "논문",
      "SEQNO": 1,
      "RESUME_ITEM_1_CD": "00000000",
      "RESUME_ITEM_2_CD": "3",
      "RESUME_ITEM_1_NM": "재직자 직무스트레스와 성과의 관계",
      "RESUME_ITEM_2_NM": "OO연구원",
      "RESUME_ITEM_3_NM": "재직자의 특성 분석 관련 내용",
      "HIST_STDT": "20161007"
    },
    {
      "TMPL_SEQNO": 1,
      "RESUME_TITLE": "OOO님의 이력서입니다.",
      "BASIC_RESUME_YN": "Y",
      "RESUME_ITEM_CLCD": "2",
      "DS_RESUME_ITEM_CLCD": "훈련",
      "SEQNO": 2,
      "RESUME_ITEM_1_CD": "00000000",
      "RESUME_ITEM_2_CD": "N",
      "RESUME_ITEM_1_NM": "민간훈련기관",
      "RESUME_ITEM_2_NM": "ERP 실습",
      "RESUME_ITEM_5_NM": "훈련과정"
    },
    {
      "TMPL_SEQNO": 1,
      "RESUME_TITLE": "OOO님의 이력서입니다.",
      "BASIC_RESUME_YN": "Y",
      "RESUME_ITEM_CLCD": "6",
      "DS_RESUME_ITEM_CLCD": "수상경력",
      "SEQNO": 3,
      "RESUME_ITEM_1_CD": "00000000",
      "RESUME_ITEM_2_CD": "1",
      "RESUME_ITEM_1_NM": "공모전 수상",
      "RESUME_ITEM_2_NM": "OO학회",
      "HIST_STDT": "20250105",
      "ETC_ITEM_CONT": "주요활동"
    },
    {
      "TMPL_SEQNO": 1,
      "RESUME_TITLE": "OOO님의 이력서입니다.",
      "BASIC_RESUME_YN": "Y",
      "RESUME_ITEM_CLCD": "10",
      "DS_RESUME_ITEM_CLCD": "봉사활동",
      "SEQNO": 4,
      "RESUME_ITEM_1_CD": "00000000",
      "RESUME_ITEM_1_NM": "환경정화 활동",
      "RESUME_ITEM_2_NM": "OO재단",
      "RESUME_ITEM_3_NM": "자원봉사",
      "HIST_STDT": "20210509",
      "HIST_ENDT": "20220129",
      "RESUME_ITEM_5_NM": "주요활동"
    }
  ]
}