{
  "SEEK_CUST_NO": "7584043894402",
  "CONTENTS": [
    {
      "TMPL_SEQNO": 1,
      "RESUME_TITLE": "OOO님의 이력서입니다.",
      "BASIC_RESUME_YN": "Y",
      "RESUME_ITEM_CLCD": "1",
      "DS_RESUME_ITEM_CLCD": "자격면허",
      "SEQNO": 1,
      "RESUME_ITEM_1_CD": "9357528",
      "DS_RESUME_ITEM_1_CD": "운전면허",
      "RESUME_ITEM_1_NM": "한국산업인력공단",
      "HIST_STDT": "20250214",
      "ETC_ITEM_CONT": "자격증명"
    },
    {
      "TMPL_SEQNO": 1,
      "RESUME_TITLE": "OOO님의 이력서입니다.",
      "BASIC_RESUME_YN": "Y",
      "RESUME_ITEM_CLCD": "6",
      "DS_RESUME_ITEM_CLCD": "수상경력",
      "SEQNO": 2,
      "RESUME_ITEM_1_CD": "00000000",
      "RESUME_ITEM_2_CD": "2",
      "RESUME_ITEM_1_NM": "공모전 수상",
      "RESUME_ITEM_2_NM": "OO기관",
      "HIST_STDT": "20200203",
      "ETC_ITEM_CONT": "주요활동"
    },
    {
      "TMPL_SEQNO": 1,
      "RESUME_TITLE": "OOO님의 이력서입니다.",
      "BASIC_RESUME_YN": "Y",
      "RESUME_ITEM_CLCD": "9",
      "DS_RESUME_ITEM_CLCD": "학력",
      "SEQNO": 3,
      "RESUME_ITEM_1_CD": "8",
      "DS_RESUME_ITEM_1_CD": "대학원",
      "RESUME_ITEM_2_CD": "116165",
      "DS_RESUME_ITEM_2_CD": "통계학",
      "RESUME_ITEM_3_CD": "218289",
      "DS_RESUME_ITEM_3_CD": "기계공학",
      "RESUME_ITEM_4_CD": "71",
      "DS_RESUME_ITEM_4_CD": "휴학",
      "RESUME_ITEM_1_NM": "OO대학원",
      "RESUME_ITEM_2_NM": "컴퓨터공학",
      "RESUME_ITEM_3_NM": "전기전자공학",
      "HIST_STDT": "20230118",
      "HIST_ENDT": "20230702",
      "ETC_ITEM_CONT": "학점 / 총점"
    },
    {
      "TMPL_SEQNO": 1,
      "RESUME_TITLE": "OOO님의 이력서입니다.",
      "BASIC_RESUME_YN": "Y",
      "RESUME_ITEM_CLCD": "8",
      "DS_RESUME_ITEM_CLCD": "외국어능력",
      "SEQNO": 4,
      "RESUME_ITEM_1_CD": "10",
      "DS_RESUME_ITEM_1_CD": "포르투갈어",
      "RESUME_ITEM_2_CD": "0",
      "DS_RESUME_ITEM_2_CD": "DELE",
      "RESUME_ITEM_1_VAL": "1급",
      "HIST_STDT": "20210430",
      "HIST_ITEM_GRDCD": "2",
      "DS_HIST_ITEM_GRDCD": "중"
    },
    {
      "TMPL_SEQNO": 1,
      "RESUME_TITLE": "OOO님의 이력서입니다.",
      "BASIC_RESUME_YN": "Y",
      "RESUME_ITEM_CLCD": "7",
      "DS_RESUME_ITEM_CLCD": "전산능력",
      "SEQNO": 5,
      "RESUME_ITEM_1_CD": "1",
      "DS_RESUME_ITEM_1_CD": "MS OFFICE 사용",
      "ETC_ITEM_CONT": "기타 컴퓨터 활용능력"
    },
    {
      "TMPL_SEQNO": 1,
      "RESUME_TITLE": "OOO님의 이력서입니다.",
      "BASIC_RESUME_YN": "Y",
      "RESUME_ITEM_CLCD": "3",
      "DS_RESUME_ITEM_CLCD": "논문",
      "SEQNO": 6,
      "RESUME_ITEM_1_CD": "00000000",
      "RESUME_ITEM_2_CD": "3",
      "RESUME_ITEM_1_NM": "머신러닝 기반 수요예측",
      "RESUME_ITEM_2_NM": "OO대학교",
      "RESUME_ITEM_3_NM": "딥러닝 이미지 분류 비교",
      "HIST_STDT": "20160605"
    },
    {
      "TMPL_SEQNO": 1,
      "RESUME_TITLE": "OOO님의 이력서입니다.",
      "BASIC_RESUME_YN": "Y",
      "RESUME_ITEM_CLCD": "12",
      "DS_RESUME_ITEM_CLCD": "참여프로젝트",
      "SEQNO": 7,
      "RESUME_ITEM_1_CD": "00000000",
      "RESUME_ITEM_1_NM": "데이터 파이프라인 구축",
      "RESUME_ITEM_2_NM": "테스트/품질관리",
      "RESUME_ITEM_3_NM": "민간기업",
      "HIST_STDT": "20210929",
      "HIST_ENDT": "20220418",
      "ETC_ITEM_CONT": "주요 업무 및 성과"
    },
    {
      "TMPL_SEQNO": 2,
      "RESUME_TITLE": "OOO님의 이력서입니다.",
      "BASIC_RESUME_YN": "N",
      "RESUME_ITEM_CLCD": "7",
      "DS_RESUME_ITEM_CLCD": "전산능력",
      "SEQNO": 1,
      "RESUME_ITEM_1_CD": "1",
      "DS_RESUME_ITEM_1_CD": "MS OFFICE 사용",
      "ETC_ITEM_CONT": "기타 컴퓨터 활용능력"
    },
    {
      "TMPL_SEQNO": 2,
      "RESUME_TITLE": "OOO님의 이력서입니다.",
      "BASIC_RESUME_YN": "N",
      "RESUME_ITEM_CLCD": "1",
      "DS_RESUME_ITEM_CLCD": "자격면허",
      "SEQNO": 2,
      "RESUME_ITEM_1_CD": "9357528",
      "DS_RESUME_ITEM_1_CD": "운전면허",
      "RESUME_ITEM_1_NM": "한국산업인력공단",
      "HIST_STDT": "20201004",
      "ETC_ITEM_CONT": "자격증명"
    },
    {
      "TMPL_SEQNO": 2,
      "RESUME_TITLE": "OOO님의 이력서입니다.",
      "BASIC_RESUME_YN": "N",
      "RESUME_ITEM_CLCD": "2",
      "DS_RESUME_ITEM_CLCD": "훈련",
      "SEQNO": 3,
      "RESUME_ITEM_1_CD": "00000000",
      "RESUME_ITEM_2_CD": "N",
      "RESUME_ITEM_1_NM": "민간훈련기관",
      "RESUME_ITEM_2_NM": "ERP 실습",
      "RESUME_ITEM_5_NM": "훈련과정"
    },
    {
      "TMPL_SEQNO": 2,
      "RESUME_TITLE": "OOO님의 이력서입니다.",
      "BASIC_RESUME_YN": "N",
      "RESUME_ITEM_CLCD": "6",
      "DS_RESUME_ITEM_CLCD": "수상경력",
      "SEQNO": 4,
      "RESUME_ITEM_1_CD": "00000000",
      "RESUME_ITEM_2_CD": "2",
      "RESUME_ITEM_1_NM": "모범상",
      "RESUME_ITEM_2_NM": "OO기관",
      "HIST_STDT": "20150907",
      "ETC_ITEM_CONT": "주요활동"
    },
    {
      "TMPL_SEQNO": 2,
      "RESUME_TITLE": "OOO님의 이력서입니다.",
      "BASIC_RESUME_YN": "N",
      "RESUME_ITEM_CLCD": "8",
      "DS_RESUME_ITEM_CLCD": "외국어능력",
      "SEQNO": 5,
      "RESUME_ITEM_1_CD": "01",
      "DS_RESUME_ITEM_1_CD": "러시아어",
      "RESUME_ITEM_2_CD": "4",
      "DS_RESUME_ITEM_2_CD": "IELTS",
      "RESUME_ITEM_1_VAL": "3급",
      "HIST_STDT": "20221228",
      "HIST_ITEM_GRDCD": "3",
      "DS_HIST_ITEM_GRDCD": "하"
    }
  ]
}