{
  "SEEK_CUST_NO": "2715222836128",
  "CONTENTS": [
    {
      "TMPL_SEQNO": 1,
      "RESUME_TITLE": "OOO님의 이력서입니다.",
      "BASIC_RESUME_YN": "Y",
      "RESUME_ITEM_CLCD": "9",
      "DS_RESUME_ITEM_CLCD": "학력",
      "SEQNO": 1,
      "RESUME_ITEM_1_CD": "7",
      "DS_RESUME_ITEM_1_CD": "고등학교",
      "RESUME_ITEM_2_CD": "121702",
      "DS_RESUME_ITEM_2_CD": "국문학",
      "RESUME_ITEM_3_CD": "218289",
      "DS_RESUME_ITEM_3_CD": "기계공학",
      "RESUME_ITEM_4_CD": "18",
      "DS_RESUME_ITEM_4_CD": "재학",
      "RESUME_ITEM_1_NM": "OO대학교",
      "RESUME_ITEM_2_NM": "국문학",
      "RESUME_ITEM_3_NM": "심리학",
      "HIST_STDT": "20171207",
      "HIST_ENDT": "20180502",
      "ETC_ITEM_CONT": "학점 / 총점"
    },
    {
      "TMPL_SEQNO": 1,
      "RESUME_TITLE": "OOO님의 이력서입니다.",
      "BASIC_RESUME_YN": "Y",
      "RESUME_ITEM_CLCD": "10",
      "DS_RESUME_ITEM_CLCD": "봉사활동",
      "SEQNO": 2,
      "RESUME_ITEM_1_CD": "00000000",
      "RESUME_ITEM_1_NM": "지역방범 및 순찰",
      "RESUME_ITEM_2_NM": "OO파출소",
      "RESUME_ITEM_3_NM": "인턴",
      "HIST_STDT": "20230405",
      "HIST_ENDT": "20230518",
      "RESUME_ITEM_5_NM": "주요활동"
    },
    {
      "TMPL_SEQNO": 1,
      "RESUME_TITLE": "OOO님의 이력서입니다.",
      "BASIC_RESUME_YN": "Y",
      "RESUME_ITEM_CLCD": "5",
      "DS_RESUME_ITEM_CLCD": "해외연수",
      "SEQNO": 3,
      "RESUME_ITEM_1_CD": "00000000",
      "RESUME_ITEM_2_CD": "71",
      "DS_RESUME_ITEM_2_CD": "해외연수",
      "RESUME_ITEM_1_NM": "워킹홀리데이",
      "RESUME_ITEM_2_NM": "문화교류 프로그램 참여",
      "RESUME_ITEM_3_NM": "호주",
      "HIST_STDT": "20240620",
      "HIST_ENDT": "20241001",
      "ETC_ITEM_CONT": "기타내용"
    },
    {
      "TMPL_SEQNO": 1,
      "RESUME_TITLE": "OOO님의 이력서입니다.",
      "BASIC_RESUME_YN": "Y",
      "RESUME_ITEM_CLCD": "11",
      "DS_RESUME_ITEM_CLCD": "직업훈련",
      "SEQNO": 4
    },
    {
      "TMPL_SEQNO": 2,
      "RESUME_TITLE": "OOO님의 이력서입니다.",
      "BASIC_RESUME_YN": "N",
      "RESUME_ITEM_CLCD": "4",
      "DS_RESUME_ITEM_CLCD": "개인경력",
      "SEQNO": 1,
      "RESUME_ITEM_1_CD": "00000000",
      "RESUME_ITEM_2_CD": "N",
      "RESUME_ITEM_4_CD": "N",
      "RESUME_ITEM_1_NM": "OO기업",
      "RESUME_ITEM_2_NM": "고객지원",
      "RESUME_ITEM_3_NM": "인턴",
      "HIST_STDT": "20190814",
      "HIST_ENDT": "20200131",
      "ETC_ITEM_CONT": "기타사항",
      "CAREER_MMCNT": "3",
      "COMP_NM_OPEN_YN": "Y",
      "JSCD": "843181",
      "SLRY_AMT": "400",
      "EMMD_OCCP_CL_YEAR": "2025"
    },
    {
      "TMPL_SEQNO": 2,
      "RESUME_TITLE": "OOO님의 이력서입니다.",
      "BASIC_RESUME_YN": "N",
      "RESUME_ITEM_CLCD": "1",
      "DS_RESUME_ITEM_CLCD": "자격면허",
      "SEQNO": 2,
      "RESUME_ITEM_1_CD": "1387512",
      "DS_RESUME_ITEM_1_CD": "컴퓨터자격증",
      "RESUME_ITEM_1_NM": "도로교통공단",
      "HIST_STDT": "20220901",
      "ETC_ITEM_CONT": "자격증명"
    },
    {
      "TMPL_SEQNO": 2,
      "RESUME_TITLE": "OOO님의 이력서입니다.",
      "BASIC_RESUME_YN": "N",
      "RESUME_ITEM_CLCD": "5",
      "DS_RESUME_ITEM_CLCD": "해외연수",
      "SEQNO": 3,
      "RESUME_ITEM_1_CD": "00000000",
      "RESUME_ITEM_2_CD": "25",
      "DS_RESUME_ITEM_2_CD": "해외인턴",
      "RESUME_ITEM_1_NM": "해외인턴",
      "RESUME_ITEM_2_NM": "어학습득",
      "RESUME_ITEM_3_NM": "독일",
      "HIST_STDT": "20170428",
      "HIST_ENDT": "20180427",
      "ETC_ITEM_CONT": "기타내용"
    },
    {
      "TMPL_SEQNO": 2,
      "RESUME_TITLE": "OOO님의 이력서입니다.",
      "BASIC_RESUME_YN": "N",
      "RESUME_ITEM_CLCD": "10",
      "DS_RESUME_ITEM_CLCD": "봉사활동",
      "SEQNO": 4,
      "RESUME_ITEM_1_CD": "00000000",
      "RESUME_ITEM_1_NM": "노인복지관 봉사",
      "RESUME_ITEM_2_NM": "OO복지관",
      "RESUME_ITEM_3_NM": "인턴",
      "HIST_STDT": "20250202",
      "HIST_ENDT": "20251116",
      "RESUME_ITEM_5_NM": "주요활동"
    },
    {
      "TMPL_SEQNO": 2,
      "RESUME_TITLE": "OOO님의 이력서입니다.",
      "BASIC_RESUME_YN": "N",
      "RESUME_ITEM_CLCD": "2",
      "DS_RESUME_ITEM_CLCD": "훈련",
      "SEQNO": 5,
      "RESUME_ITEM_1_CD": "00000000",
      "RESUME_ITEM_2_CD": "Y",
      "RESUME_ITEM_1_NM": "폴리텍대학",
      "RESUME_ITEM_2_NM": "캐드 기초 과정 수료",
      "RESUME_ITEM_5_NM": "훈련과정"
    },
    {
      "TMPL_SEQNO": 2,
      "RESUME_TITLE": "OOO님의 이력서입니다.",
      "BASIC_RESUME_YN": "N",
      "RESUME_ITEM_CLCD": "7",
      "DS_RESUME_ITEM_CLCD": "전산능력",
      "SEQNO": 6,
      "RESUME_ITEM_1_CD": "9",
      "DS_RESUME_ITEM_1_CD": "고급프로그램활용",
      "ETC_ITEM_CONT": "기타 컴퓨터 활용능력"
    }
  ]
}