{
  "SEEK_CUST_NO": "6299209637495",
  "CONTENTS": [
    {
      "TMPL_SEQNO": 1,
      "RESUME_TITLE": "OOO님의 이력서입니다.",
      "BASIC_RESUME_YN": "Y",
      "RESUME_ITEM_CLCD": "3",
      "DS_RESUME_ITEM_CLCD": "논문",
      "SEQNO": 1,
      "RESUME_ITEM_1_CD": "00000000",
      "RESUME_ITEM_2_CD": "3",
      "RESUME_ITEM_1_NM": "재직자 직무스트레스와 성과의 관계",
      "RESUME_ITEM_2_NM": "OO대학교",
      "RESUME_ITEM_3_NM": "딥러닝 이미지 분류 비교",
      "HIST_STDT": "20200219"
    },
    {
      "TMPL_SEQNO": 1,
      "RESUME_TITLE": "OOO님의 이력서입니다.",
      "BASIC_RESUME_YN": "Y",
      "RESUME_ITEM_CLCD": "6",
      "DS_RESUME_ITEM_CLCD": "수상경력",
      "SEQNO": 2,
      "RESUME_ITEM_1_CD": "00000000",
      "RESUME_ITEM_2_CD": "2",
      "RESUME_ITEM_1_NM": "모범상",
      "RESUME_ITEM_2_NM": "OO협회",
      "HIST_STDT": "20221103",
      "ETC_ITEM_CONT": "주요활동"
    },
    {
      "TMPL_SEQNO": 1,
      "RESUME_TITLE": "OOO님의 이력서입니다.",
      "BASIC_RESUME_YN": "Y",
      "RESUME_ITEM_CLCD": "7",
      "DS_RESUME_ITEM_CLCD": "전산능력",
      "SEQNO": 3,
      "RESUME_ITEM_1_CD": "4",
      "DS_RESUME_ITEM_1_CD": "영상편집",
      "ETC_ITEM_CONT": "기타 컴퓨터 활용능력"
    },
    {
      "TMPL_SEQNO": 2,
      "RESUME_TITLE": "OOO님의 이력서입니다.",
      "BASIC_RESUME_YN": "N",
      "RESUME_ITEM_CLCD": "1",
      "DS_RESUME_ITEM_CLCD": "자격면허",
      "SEQNO": 1,
      "RESUME_ITEM_1_CD": "9357528",
      "DS_RESUME_ITEM_1_CD": "운전면허",
      "RESUME_ITEM_1_NM": "대한상공회의소",
      "HIST_STDT": "20151130",
      "ETC_ITEM_CONT": "자격증명"
    },
    {
      "TMPL_SEQNO": 2,
      "RESUME_TITLE": "OOO님의 이력서입니다.",
      "BASIC_RESUME_YN": "N",
      "RESUME_ITEM_CLCD": "5",
      "DS_RESUME_ITEM_CLCD": "해외연수",
      "SEQNO": 2,
      "RESUME_ITEM_1_CD": "00000000",
      "RESUME_ITEM_2_CD": "25",
      "DS_RESUME_ITEM_2_CD": "해외인턴",
      "RESUME_ITEM_1_NM": "해외인턴",
      "RESUME_ITEM_2_NM": "어학습득",
      "RESUME_ITEM_3_NM": "호주",
      "HIST_STDT": "20170916",
      "HIST_ENDT": "20171104",
      "ETC_ITEM_CONT": "기타내용"
    },
    {
      "TMPL_SEQNO": 2,
      "RESUME_TITLE": "OOO님의 이력서입니다.",
      "BASIC_RESUME_YN": "N",
      "RESUME_ITEM_CLCD": "10",
      "DS_RESUME_ITEM_CLCD": "봉사활동",
      "SEQNO": 3,
      "RESUME_ITEM_1_CD": "00000000",
      "RESUME_ITEM_1_NM": "환경정화 활동",
      "RESUME_ITEM_2_NM": "OO복지관",
      "RESUME_ITEM_3_NM": "인턴",
      "HIST_STDT": "20170704",
      "HIST_ENDT": "20171030",
      "RESUME_ITEM_5_NM": "주요활동"
    },
    {
      "TMPL_SEQNO": 2,
      "RESUME_TITLE": "OOO님의 이력서입니다.",
      "BASIC_RESUME_YN": "N",
      "RESUME_ITEM_CLCD": "11",
      "DS_RESUME_ITEM_CLCD": "직업훈련",
      "SEQNO": 4
    }
  ]
}