{
  "SEEK_CUST_NO": "5746183471714",
  "CONTENTS": [
    {
      "TMPL_SEQNO": 1,
      "RESUME_TITLE": "OOO님의 이력서입니다.",
      "BASIC_RESUME_YN": "Y",
      "RESUME_ITEM_CLCD": "9",
      "DS_RESUME_ITEM_CLCD": "학력",
      "SEQNO": 1,
      "RESUME_ITEM_1_CD": "1",
      "DS_RESUME_ITEM_1_CD": "대학교(4년제)",
      "RESUME_ITEM_2_CD": "033959",
      "DS_RESUME_ITEM_2_CD": "심리학",
      "RESUME_ITEM_3_CD": "207726",
      "DS_RESUME_ITEM_3_CD": "전기전자공학",
      "RESUME_ITEM_4_CD": "18",
      "DS_RESUME_ITEM_4_CD": "재학",
      "RESUME_ITEM_1_NM": "OO고등학교",
      "RESUME_ITEM_2_NM": "컴퓨터공학",
      "RESUME_ITEM_3_NM": "산업공학",
      "HIST_STDT": "20240626",
      "HIST_ENDT": "20250620",
      "ETC_ITEM_CONT": "학점 / 총점"
    },
    {
      "TMPL_SEQNO": 1,
      "RESUME_TITLE": "OOO님의 이력서입니다.",
      "BASIC_RESUME_YN": "Y",
      "RESUME_ITEM_CLCD": "10",
      "DS_RESUME_ITEM_CLCD": "봉사활동",
      "SEQNO": 2,
      "RESUME_ITEM_1_CD": "00000000",
      "RESUME_ITEM_1_NM": "노인복지관 봉사",
      "RESUME_ITEM_2_NM": "OO복지관",
      "RESUME_ITEM_3_NM": "자원봉사",
      "HIST_STDT": "20150714",
      "HIST_ENDT": "20160104",
      "RESUME_ITEM_5_NM": "주요활동"
    },
    {
      "TMPL_SEQNO": 1,
      "RESUME_TITLE": "OOO님의 이력서입니다.",
      "BASIC_RESUME_YN": "Y",
      "RESUME_ITEM_CLCD": "8",
      "DS_RESUME_ITEM_CLCD": "외국어능력",
      "SEQNO": 3,
      "RESUME_ITEM_1_CD": "01",
      "DS_RESUME_ITEM_1_CD": "러시아어",
      "RESUME_ITEM_2_CD": "7",
      "DS_RESUME_ITEM_2_CD": "TOEFL",
      "RESUME_ITEM_1_VAL": "2급",
      "HIST_STDT": "20160919",
      "HIST_ITEM_GRDCD": "3",
      "DS_HIST_ITEM_GRDCD": "하"
    }
  ]
}