{
  "SEEK_CUST_NO": "3410477816500",
  "CONTENTS": [
    {
      "TMPL_SEQNO": 1,
      "RESUME_TITLE": "OOO님의 이력서입니다.",
      "BASIC_RESUME_YN": "Y",
      "RESUME_ITEM_CLCD": "12",
      "DS_RESUME_ITEM_CLCD": "참여프로젝트",
      "SEQNO": 1,
      "RESUME_ITEM_1_CD": "00000000",
      "RESUME_ITEM_1_NM": "플랫폼 구축 및 실증",
      "RESUME_ITEM_2_NM": "테스트/품질관리",
      "RESUME_ITEM_3_NM": "고용노동부",
      "HIST_STDT": "20200925",
      "HIST_ENDT": "20210529",
      "ETC_ITEM_CONT": "주요 업무 및 성과"
    },
    {
      "TMPL_SEQNO": 1,
      "RESUME_TITLE": "OOO님의 이력서입니다.",
      "BASIC_RESUME_YN": "Y",
      "RESUME_ITEM_CLCD": "3",
      "DS_RESUME_ITEM_CLCD": "논문",
      "SEQNO": 2,
      "RESUME_ITEM_1_CD": "00000000",
      "RESUME_ITEM_2_CD": "2",
      "RESUME_ITEM_1_NM": "머신러닝 기반 수요예측",
      "RESUME_ITEM_2_NM": "OO대학원",
      "RESUME_ITEM_3_NM": "딥러닝 이미지 분류 비교",
      "HIST_STDT": "20210516"
    },
    {
      "TMPL_SEQNO": 1,
      "RESUME_TITLE": "OOO님의 이력서입니다.",
      "BASIC_RESUME_YN": "Y",
      "RESUME_ITEM_CLCD": "8",
      "DS_RESUME_ITEM_CLCD": "외국어능력",
      "SEQNO": 3,
      "RESUME_ITEM_1_CD": "01",
      "DS_RESUME_ITEM_1_CD": "러시아어",
      "RESUME_ITEM_2_CD": "8",
      "DS_RESUME_ITEM_2_CD": "OPIC",
      "RESUME_ITEM_1_VAL": "5급",
      "HIST_STDT": "20210322",
      "HIST_ITEM_GRDCD": "2",
      "DS_HIST_ITEM_GRDCD": "중"
    },
    {
      "TMPL_SEQNO": 1,
      "RESUME_TITLE": "OOO님의 이력서입니다.",
      "BASIC_RESUME_YN": "Y",
      "RESUME_ITEM_CLCD": "4",
      "DS_RESUME_ITEM_CLCD": "개인경력",
      "SEQNO": 4,
      "RESUME_ITEM_1_CD": "00000000",
      "RESUME_ITEM_2_CD": "Y",
      "RESUME_ITEM_4_CD": "Y",
      "RESUME_ITEM_1_NM": "OO테크",
      "RESUME_ITEM_2_NM": "생산관리",
      "RESUME_ITEM_3_NM": "주임",
      "HIST_STDT": "20180817",
      "HIST_ENDT": "20181213",
      "ETC_ITEM_CONT": "기타사항",
      "CAREER_MMCNT": "6",
      "COMP_NM_OPEN_YN": "Y",
      "JSCD": "033769",
      "SLRY_AMT": "200",
      "EMMD_OCCP_CL_YEAR": "2025"
    },
    {
      "TMPL_SEQNO": 1,
      "RESUME_TITLE": "OOO님의 이력서입니다.",
      "BASIC_RESUME_YN": "Y",
      "RESUME_ITEM_CLCD": "7",
      "DS_RESUME_ITEM_CLCD": "전산능력",
      "SEQNO": 5,
      "RESUME_ITEM_1_CD": "9",
      "DS_RESUME_ITEM_1_CD": "고급프로그램활용",
      "ETC_ITEM_CONT": "기타 컴퓨터 활용능력"
    },
    {
      "TMPL_SEQNO": 2,
      "RESUME_TITLE": "OOO님의 이력서입니다.",
      "BASIC_RESUME_YN": "N",
      "RESUME_ITEM_CLCD": "1",
      "DS_RESUME_ITEM_CLCD": "자격면허",
      "SEQNO": 1,
      "RESUME_ITEM_1_CD": "1387512",
      "DS_RESUME_ITEM_1_CD": "컴퓨터자격증",
      "RESUME_ITEM_1_NM": "대한상공회의소",
      "HIST_STDT": "20251003",
      "ETC_ITEM_CONT": "자격증명"
    },
    {
      "TMPL_SEQNO": 2,
      "RESUME_TITLE": "OOO님의 이력서입니다.",
      "BASIC_RESUME_YN": "N",
      "RESUME_ITEM_CLCD": "4",
      "DS_RESUME_ITEM_CLCD": "개인경력",
      "SEQNO": 2,
      "RESUME_ITEM_1_CD": "00000000",
      "RESUME_ITEM_2_CD": "Y",
      "RESUME_ITEM_4_CD": "Y",
      "RESUME_ITEM_1_NM": "OO기업",
      "RESUME_ITEM_2_NM": "품질관리",
      "RESUME_ITEM_3_NM": "인턴",
      "HIST_STDT": "20170511",
      "HIST_ENDT": "20171224",
      "ETC_ITEM_CONT": "기타사항",
      "CAREER_MMCNT": "1",
      "COMP_NM_OPEN_YN": "N",
      "JSCD": "505688",
      "SLRY_AMT": "300",
      "EMMD_OCCP_CL_YEAR": "2025"
    },
    {
      "TMPL_SEQNO": 2,
      "RESUME_TITLE": "OOO님의 이력서입니다.",
      "BASIC_RESUME_YN": "N",
      "RESUME_ITEM_CLCD": "2",
      "DS_RESUME_ITEM_CLCD": "훈련",
      "SEQNO": 3,
      "RESUME_ITEM_1_CD": "00000000",
      "RESUME_ITEM_2_CD": "Y",
      "RESUME_ITEM_1_NM": "폴리텍대학",
      "RESUME_ITEM_2_NM": "응용SW 실무 프로젝트",
      "RESUME_ITEM_5_NM": "훈련과정"
    },
    {
      "TMPL_SEQNO": 2,
      "RESUME_TITLE": "OOO님의 이력서입니다.",
      "BASIC_RESUME_YN": "N",
      "RESUME_ITEM_CLCD": "7",
      "DS_RESUME_ITEM_CLCD": "전산능력",
      "SEQNO": 4,
      "RESUME_ITEM_1_CD": "4",
      "DS_RESUME_ITEM_1_CD": "영상편집",
      "ETC_ITEM_CONT": "기타 컴퓨터 활용능력"
    },
    {
      "TMPL_SEQNO": 2,
      "RESUME_TITLE": "OOO님의 이력서입니다.",
      "BASIC_RESUME_YN": "N",
      "RESUME_ITEM_CLCD": "3",
      "DS_RESUME_ITEM_CLCD": "논문",
      "SEQNO": 5,
      "RESUME_ITEM_1_CD": "00000000",
      "RESUME_ITEM_2_CD": "3",
      "RESUME_ITEM_1_NM": "머신러닝 기반 수요예측",
      "RESUME_ITEM_2_NM": "OO대학교",
      "RESUME_ITEM_3_NM": "딥러닝 이미지 분류 비교",
      "HIST_STDT": "20170309"
    },
    {
      "TMPL_SEQNO": 2,
      "RESUME_TITLE": "OOO님의 이력서입니다.",
      "BASIC_RESUME_YN": "N",
      "RESUME_ITEM_CLCD": "8",
      "DS_RESUME_ITEM_CLCD": "외국어능력",
      "SEQNO": 6,
      "RESUME_ITEM_1_CD": "11",
      "DS_RESUME_ITEM_1_CD": "일본어",
      "RESUME_ITEM_2_CD": "9",
      "DS_RESUME_ITEM_2_CD": "DELF",
      "RESUME_ITEM_1_VAL": "1급",
      "HIST_STDT": "20150227",
      "HIST_ITEM_GRDCD": "3",
      "DS_HIST_ITEM_GRDCD": "하"
    }
  ]
}