{
  "SEEK_CUST_NO": "9500814827894",
  "CONTENTS": [
    {
      "TMPL_SEQNO": 1,
      "RESUME_TITLE": "OOO님의 이력서입니다.",
      "BASIC_RESUME_YN": "Y",
      "RESUME_ITEM_CLCD": "3",
      "DS_RESUME_ITEM_CLCD": "논문",
      "SEQNO": 1,
      "RESUME_ITEM_1_CD": "00000000",
      "RESUME_ITEM_2_CD": "1",
      "RESUME_ITEM_1_NM": "중소기업 디지털전환 사례연구",
      "RESUME_ITEM_2_NM": "OO대학교",
      "RESUME_ITEM_3_NM": "재직자의 특성 분석 관련 내용",
      "HIST_STDT": "20170706"
    },
    {
      "TMPL_SEQNO": 1,
      "RESUME_TITLE": "OOO님의 이력서입니다.",
      "BASIC_RESUME_YN": "Y",
      "RESUME_ITEM_CLCD": "2",
      "DS_RESUME_ITEM_CLCD": "훈련",
      "SEQNO": 2,
      "RESUME_ITEM_1_CD": "00000000",
      "RESUME_ITEM_2_CD": "N",
      "RESUME_ITEM_1_NM": "민간훈련기관",
      "RESUME_ITEM_2_NM": "ERP 실습",
      "RESUME_ITEM_5_NM": "훈련과정"
    },
    {
      "TMPL_SEQNO": 1,
      "RESUME_TITLE": "OOO님의 이력서입니다.",
      "BASIC_RESUME_YN": "Y",
      "RESUME_ITEM_CLCD": "1",
      "DS_RESUME_ITEM_CLCD": "자격면허",
      "SEQNO": 3,
      "RESUME_ITEM_1_CD": "1387512",
      "DS_RESUME_ITEM_1_CD": "컴퓨터자격증",
      "RESUME_ITEM_1_NM": "대한상공회의소",
      "HIST_STDT": "20160520",
      "ETC_ITEM_CONT": "자격증명"
    },
    {
      "TMPL_SEQNO": 1,
      "RESUME_TITLE": "OOO님의 이력서입니다.",
      "BASIC_RESUME_YN": "Y",
      "RESUME_ITEM_CLCD": "5",
      "DS_RESUME_ITEM_CLCD": "해외연수",
      "SEQNO": 4,
      "RESUME_ITEM_1_CD": "00000000",
      "RESUME_ITEM_2_CD": "71",
      "DS_RESUME_ITEM_2_CD": "해외연수",
      "RESUME_ITEM_1_NM": "워킹홀리데이",
      "RESUME_ITEM_2_NM": "어학습득",
      "RESUME_ITEM_3_NM": "독일",
      "HIST_STDT": "20230401",
      "HIST_ENDT": "20240127",
      "ETC_ITEM_CONT": "기타내용"
    }
  ]
}