{
  "SEEK_CUST_NO": "6422737855422",
  "CONTENTS": [
    {
      "TMPL_SEQNO": 1,
      "RESUME_TITLE": "OOO님의 이력서입니다.",
      "BASIC_RESUME_YN": "Y",
      "RESUME_ITEM_CLCD": "3",
      "DS_RESUME_ITEM_CLCD": "논문",
      "SEQNO": 1,
      "RESUME_ITEM_1_CD": "00000000",
      "RESUME_ITEM_2_CD": "2",
      "RESUME_ITEM_1_NM": "머신러닝 기반 수요예측",
      "RESUME_ITEM_2_NM": "OO연구원",
      "RESUME_ITEM_3_NM": "자동화 도입 효과 분석",
      "HIST_STDT": "20220215"
    },
    {
      "TMPL_SEQNO": 1,
      "RESUME_TITLE": "OOO님의 이력서입니다.",
      "BASIC_RESUME_YN": "Y",
      "RESUME_ITEM_CLCD": "1",
      "DS_RESUME_ITEM_CLCD": "자격면허",
      "SEQNO": 2,
      "RESUME_ITEM_1_CD": "8012902",
      "DS_RESUME_ITEM_1_CD": "직무관련자격증",
      "RESUME_ITEM_1_NM": "대한상공회의소",
      "HIST_STDT": "20200813",
      "ETC_ITEM_CONT": "자격증명"
    },
    {
      "TMPL_SEQNO": 1,
      "RESUME_TITLE": "OOO님의 이력서입니다.",
      "BASIC_RESUME_YN": "Y",
      "RESUME_ITEM_CLCD": "11",
      "DS_RESUME_ITEM_CLCD": "직업훈련",
      "SEQNO": 3
    },
    {
      "TMPL_SEQNO": 1,
      "RESUME_TITLE": "OOO님의 이력서입니다.",
      "BASIC_RESUME_YN": "Y",
      "RESUME_ITEM_CLCD": "8",
      "DS_RESUME_ITEM_CLCD": "외국어능력",
      "SEQNO": 4,
      "RESUME_ITEM_1_CD": "07",
      "DS_RESUME_ITEM_1_CD": "베트남어",
      "RESUME_ITEM_2_CD": "6",
      "DS_RESUME_ITEM_2_CD": "HSK",
      "RESUME_ITEM_1_VAL": "3급",
      "HIST_STDT": "20181229",
      "HIST_ITEM_GRDCD": "3",
      "DS_HIST_ITEM_GRDCD": "하"
    }
  ]
}