{
  "SEEK_CUST_NO": "5973294924032",
  "CONTENTS": [
    {
      "TMPL_SEQNO": 1,
      "RESUME_TITLE": "OOO님의 이력서입니다.",
      "BASIC_RESUME_YN": "Y",
      "RESUME_ITEM_CLCD": "1",
      "DS_RESUME_ITEM_CLCD": "자격면허",
      "SEQNO": 1,
      "RESUME_ITEM_1_CD": "9357528",
      "DS_RESUME_ITEM_1_CD": "운전면허",
      "RESUME_ITEM_1_NM": "한국산업인력공단",
      "HIST_STDT": "20231217",
      "ETC_ITEM_CONT": "자격증명"
    },
    {
      "TMPL_SEQNO": 1,
      "RESUME_TITLE": "OOO님의 이력서입니다.",
      "BASIC_RESUME_YN": "Y",
      "RESUME_ITEM_CLCD": "10",
      "DS_RESUME_ITEM_CLCD": "봉사활동",
      "SEQNO": 2,
      "RESUME_ITEM_1_CD": "00000000",
      "RESUME_ITEM_1_NM": "노인복지관 봉사",
      "RESUME_ITEM_2_NM": "OO재단",
      "RESUME_ITEM_3_NM": "동아리/교내활동",
      "HIST_STDT": "20151004",
      "HIST_ENDT": "20160204",
      "RESUME_ITEM_5_NM": "주요활동"
    },
    {
      "TMPL_SEQNO": 1,
      "RESUME_TITLE": "OOO님의 이력서입니다.",
      "BASIC_RESUME_YN": "Y",
      "RESUME_ITEM_CLCD": "2",
      "DS_RESUME_ITEM_CLCD": "훈련",
      "SEQNO": 3,
      "RESUME_ITEM_1_CD": "00000000",
      "RESUME_ITEM_2_CD": "Y",
      "RESUME_ITEM_1_NM": "민간훈련기관",
      "RESUME_ITEM_2_NM": "ERP 실습",
      "RESUME_ITEM_5_NM": "훈련과정"
    },
    {
      "TMPL_SEQNO": 1,
      "RESUME_TITLE": "OOO님의 이력서입니다.",
      "BASIC_RESUME_YN": "Y",
      "RESUME_ITEM_CLCD": "9",
      "DS_RESUME_ITEM_CLCD": "학력",
      "SEQNO": 4,
      "RESUME_ITEM_1_CD": "5",
      "DS_RESUME_ITEM_1_CD": "전문대학원",
      "RESUME_ITEM_2_CD": "127900",
      "DS_RESUME_ITEM_2_CD": "산업공학",
      "RESUME_ITEM_3_CD": "207726",
      "DS_RESUME_ITEM_3_CD": "전기전자공학",
      "RESUME_ITEM_4_CD": "18",
      "DS_RESUME_ITEM_4_CD": "재학",
      "RESUME_ITEM_1_NM": "OO대학교",
      "RESUME_ITEM_2_NM": "국문학",
      "RESUME_ITEM_3_NM": "전기전자공학",
      "HIST_STDT": "20221205",
      "HIST_ENDT": "20230525",
      "ETC_ITEM_CONT": "학점 / 총점"
    },
    {
      "TMPL_SEQNO": 1,
      "RESUME_TITLE": "OOO님의 이력서입니다.",
      "BASIC_RESUME_YN": "Y",
      "RESUME_ITEM_CLCD": "11",
      "DS_RESUME_ITEM_CLCD": "직업훈련",
      "SEQNO": 5
    },
    {
      "TMPL_SEQNO": 1,
      "RESUME_TITLE": "OOO님의 이력서입니다.",
      "BASIC_RESUME_YN": "Y",
      "RESUME_ITEM_CLCD": "7",
      "DS_RESUME_ITEM_CLCD": "전산능력",
      "SEQNO": 6,
      "RESUME_ITEM_1_CD": "9",
      "DS_RESUME_ITEM_1_CD": "고급프로그램활용",
      "ETC_ITEM_CONT": "기타 컴퓨터 활용능력"
    }
  ]
}