{
  "SEEK_CUST_NO": "7098870997688",
  "CONTENTS": [
    {
      "TMPL_SEQNO": 1,
      "RESUME_TITLE": "OOO님의 이력서입니다.",
      "BASIC_RESUME_YN": "Y",
      "RESUME_ITEM_CLCD": "5",
      "DS_RESUME_ITEM_CLCD": "해외연수",
      "SEQNO": 1,
      "RESUME_ITEM_1_CD": "00000000",
      "RESUME_ITEM_2_CD": "25",
      "DS_RESUME_ITEM_2_CD": "해외인턴",
      "RESUME_ITEM_1_NM": "교환학생",
      "RESUME_ITEM_2_NM": "문화교류 프로그램 참여",
      "RESUME_ITEM_3_NM": "독일",
      "HIST_STDT": "20220314",
      "HIST_ENDT": "20230314",
      "ETC_ITEM_CONT": "기타내용"
    },
    {
      "TMPL_SEQNO": 1,
      "RESUME_TITLE": "OOO님의 이력서입니다.",
      "BASIC_RESUME_YN": "Y",
      "RESUME_ITEM_CLCD": "9",
      "DS_RESUME_ITEM_CLCD": "학력",
      "SEQNO": 2,
      "RESUME_ITEM_1_CD": "8",
      "DS_RESUME_ITEM_1_CD": "대학원",
      "RESUME_ITEM_2_CD": "207726",
      "DS_RESUME_ITEM_2_CD": "전기전자공학",
      "RESUME_ITEM_3_CD": "218289",
      "DS_RESUME_ITEM_3_CD": "기계공학",
      "RESUME_ITEM_4_CD": "48",
      "DS_RESUME_ITEM_4_CD": "졸업예정",
      "RESUME_ITEM_1_NM": "OO대학교",
      "RESUME_ITEM_2_NM": "컴퓨터공학",
      "RESUME_ITEM_3_NM": "통계학",
      "HIST_STDT": "20160316",
      "HIST_ENDT": "20170209",
      "ETC_ITEM_CONT": "학점 / 총점"
    },
    {
      "TMPL_SEQNO": 1,
      "RESUME_TITLE": "OOO님의 이력서입니다.",
      "BASIC_RESUME_YN": "Y",
      "RESUME_ITEM_CLCD": "1",
      "DS_RESUME_ITEM_CLCD": "자격면허",
      "SEQNO": 3,
      "RESUME_ITEM_1_CD": "8012902",
      "DS_RESUME_ITEM_1_CD": "직무관련자격증",
      "RESUME_ITEM_1_NM": "도로교통공단",
      "HIST_STDT": "20191029",
      "ETC_ITEM_CONT": "자격증명"
    },
    {
      "TMPL_SEQNO": 1,
      "RESUME_TITLE": "OOO님의 이력서입니다.",
      "BASIC_RESUME_YN": "Y",
      "RESUME_ITEM_CLCD": "2",
      "DS_RESUME_ITEM_CLCD": "훈련",
      "SEQNO": 4,
      "RESUME_ITEM_1_CD": "00000000",
      "RESUME_ITEM_2_CD": "Y",
      "RESUME_ITEM_1_NM": "민간훈련기관",
      "RESUME_ITEM_2_NM": "캐드 기초 과정 수료",
      "RESUME_ITEM_5_NM": "훈련과정"
    },
    {
      "TMPL_SEQNO": 1,
      "RESUME_TITLE": "OOO님의 이력서입니다.",
      "BASIC_RESUME_YN": "Y",
      "RESUME_ITEM_CLCD": "8",
      "DS_RESUME_ITEM_CLCD": "외국어능력",
      "SEQNO": 5,
      "RESUME_ITEM_1_CD": "03",
      "DS_RESUME_ITEM_1_CD": "영어",
      "RESUME_ITEM_2_CD": "7",
      "DS_RESUME_ITEM_2_CD": "TOEFL",
      "RESUME_ITEM_1_VAL": "4급",
      "HIST_STDT": "20200807",
      "HIST_ITEM_GRDCD": "2",
      "DS_HIST_ITEM_GRDCD": "중"
    },
    {
      "TMPL_SEQNO": 1,
      "RESUME_TITLE": "OOO님의 이력서입니다.",
      "BASIC_RESUME_YN": "Y",
      "RESUME_ITEM_CLCD": "11",
      "DS_RESUME_ITEM_CLCD": "직업훈련",
      "SEQNO": 6
    }
  ]
}