{
  "SEEK_CUST_NO": "5558042385201",
  "CONTENTS": [
    {
      "TMPL_SEQNO": 1,
      "RESUME_TITLE": "OOO님의 이력서입니다.",
      "BASIC_RESUME_YN": "Y",
      "RESUME_ITEM_CLCD": "10",
      "DS_RESUME_ITEM_CLCD": "봉사활동",
      "SEQNO": 1,
      "RESUME_ITEM_1_CD": "00000000",
      "RESUME_ITEM_1_NM": "환경정화 활동",
      "RESUME_ITEM_2_NM": "OO재단",
      "RESUME_ITEM_3_NM": "동아리/교내활동",
      "HIST_STDT": "20250622",
      "HIST_ENDT": "20251231",
      "RESUME_ITEM_5_NM": "주요활동"
    },
    {
      "TMPL_SEQNO": 1,
      "RESUME_TITLE": "OOO님의 이력서입니다.",
      "BASIC_RESUME_YN": "Y",
      "RESUME_ITEM_CLCD": "4",
      "DS_RESUME_ITEM_CLCD": "개인경력",
      "SEQNO": 2,
      "RESUME_ITEM_1_CD": "00000000",
      "RESUME_ITEM_2_CD": "N",
      "RESUME_ITEM_4_CD": "Y",
      "RESUME_ITEM_1_NM": "OO기업",
      "RESUME_ITEM_2_NM": "고객지원",
      "RESUME_ITEM_3_NM": "대리",
      "HIST_STDT": "20230716",
      "HIST_ENDT": "20231223",
      "ETC_ITEM_CONT": "기타사항",
      "CAREER_MMCNT": "10",
      "COMP_NM_OPEN_YN": "Y",
      "JSCD": "148883",
      "SLRY_AMT": "500",
      "EMMD_OCCP_CL_YEAR": "2023"
    },
    {
      "TMPL_SEQNO": 1,
      "RESUME_TITLE": "OOO님의 이력서입니다.",
      "BASIC_RESUME_YN": "Y",
      "RESUME_ITEM_CLCD": "12",
      "DS_RESUME_ITEM_CLCD": "참여프로젝트",
      "SEQNO": 3,
      "RESUME_ITEM_1_CD": "00000000",
      "RESUME_ITEM_1_NM": "데이터 파이프라인 구축",
      "RESUME_ITEM_2_NM": "백엔드 개발",
      "RESUME_ITEM_3_NM": "민간기업",
      "HIST_STDT": "20161020",
      "HIST_ENDT": "20170729",
      "ETC_ITEM_CONT": "주요 업무 및 성과"
    },
    {
      "TMPL_SEQNO": 1,
      "RESUME_TITLE": "OOO님의 이력서입니다.",
      "BASIC_RESUME_YN": "Y",
      "RESUME_ITEM_CLCD": "5",
      "DS_RESUME_ITEM_CLCD": "해외연수",
      "SEQNO": 4,
      "RESUME_ITEM_1_CD": "00000000",
      "RESUME_ITEM_2_CD": "66",
      "DS_RESUME_ITEM_2_CD": "워킹홀리데이",
      "RESUME_ITEM_1_NM": "교환학생",
      "RESUME_ITEM_2_NM": "어학습득",
      "RESUME_ITEM_3_NM": "호주",
      "HIST_STDT": "20251121",
      "HIST_ENDT": "20251231",
      "ETC_ITEM_CONT": "기타내용"
    },
    {
      "TMPL_SEQNO": 1,
      "RESUME_TITLE": "OOO님의 이력서입니다.",
      "BASIC_RESUME_YN": "Y",
      "RESUME_ITEM_CLCD": "2",
      "DS_RESUME_ITEM_CLCD": "훈련",
      "SEQNO": 5,
      "RESUME_ITEM_1_CD": "00000000",
      "RESUME_ITEM_2_CD": "N",
      "RESUME_ITEM_1_NM": "폴리텍대학",
      "RESUME_ITEM_2_NM": "응용SW 실무 프로젝트",
      "RESUME_ITEM_5_NM": "훈련과정"
    },
    {
      "TMPL_SEQNO": 2,
      "RESUME_TITLE": "OOO님의 이력서입니다.",
      "BASIC_RESUME_YN": "N",
      "RESUME_ITEM_CLCD": "9",
      "DS_RESUME_ITEM_CLCD": "학력",
      "SEQNO": 1,
      "RESUME_ITEM_1_CD": "8",
      "DS_RESUME_ITEM_1_CD": "대학원",
      "RESUME_ITEM_2_CD": "255277",
      "DS_RESUME_ITEM_2_CD": "경제학",
      "RESUME_ITEM_3_CD": "624606",
      "DS_RESUME_ITEM_3_CD": "경영학",
      "RESUME_ITEM_4_CD": "71",
      "DS_RESUME_ITEM_4_CD": "휴학",
      "RESUME_ITEM_1_NM": "OO대학교",
      "RESUME_ITEM_2_NM": "경제학",
      "RESUME_ITEM_3_NM": "통계학",
      "HIST_STDT": "20170127",
      "HIST_ENDT": "20171028",
      "ETC_ITEM_CONT": "학점 / 총점"
    },
    {
      "TMPL_SEQNO": 2,
      "RESUME_TITLE": "OOO님의 이력서입니다.",
      "BASIC_RESUME_YN": "N",
      "RESUME_ITEM_CLCD": "4",
      "DS_RESUME_ITEM_CLCD": "개인경력",
      "SEQNO": 2,
      "RESUME_ITEM_1_CD": "00000000",
      "RESUME_ITEM_2_CD": "N",
      "RESUME_ITEM_4_CD": "N",
      "RESUME_ITEM_1_NM": "OO테크",
      "RESUME_ITEM_2_NM": "품질관리",
      "RESUME_ITEM_3_NM": "인턴",
      "HIST_STDT": "20221220",
      "HIST_ENDT": "20230208",
      "ETC_ITEM_CONT": "기타사항",
      "CAREER_MMCNT": "8",
      "COMP_NM_OPEN_YN": "Y",
      "JSCD": "706876",
      "SLRY_AMT": "700",
      "EMMD_OCCP_CL_YEAR": "2024"
    },
    {
      "TMPL_SEQNO": 2,
      "RESUME_TITLE": "OOO님의 이력서입니다.",
      "BASIC_RESUME_YN": "N",
      "RESUME_ITEM_CLCD": "12",
      "DS_RESUME_ITEM_CLCD": "참여프로젝트",
      "SEQNO": 3,
      "RESUME_ITEM_1_CD": "00000000",
      "RESUME_ITEM_1_NM": "모바일 앱 개발",
      "RESUME_ITEM_2_NM": "데이터 수집/정제",
      "RESUME_ITEM_3_NM": "민간기업",
      "HIST_STDT": "20190227",
      "HIST_ENDT": "20191220",
      "ETC_ITEM_CONT": "주요 업무 및 성과"
    },
    {
      "TMPL_SEQNO": 2,
      "RESUME_TITLE": "OOO님의 이력서입니다.",
      "BASIC_RESUME_YN": "N",
      "RESUME_ITEM_CLCD": "1",
      "DS_RESUME_ITEM_CLCD": "자격면허",
      "SEQNO": 4,
      "RESUME_ITEM_1_CD": "8012902",
      "DS_RESUME_ITEM_1_CD": "직무관련자격증",
      "RESUME_ITEM_1_NM": "한국산업인력공단",
      "HIST_STDT": "20190408",
      "ETC_ITEM_CONT": "자격증명"
    },
    {
      "TMPL_SEQNO": 2,
      "RESUME_TITLE": "OOO님의 이력서입니다.",
      "BASIC_RESUME_YN": "N",
      "RESUME_ITEM_CLCD": "5",
      "DS_RESUME_ITEM_CLCD": "해외연수",
      "SEQNO": 5,
      "RESUME_ITEM_1_CD": "00000000",
      "RESUME_ITEM_2_CD": "66",
      "DS_RESUME_ITEM_2_CD": "워킹홀리데이",
      "RESUME_ITEM_1_NM": "해외연수",
      "RESUME_ITEM_2_NM": "현지업무보조",
      "RESUME_ITEM_3_NM": "독일",
      "HIST_STDT": "20200611",
      "HIST_ENDT": "20210304",
      "ETC_ITEM_CONT": "기타내용"
    },
    {
      "TMPL_SEQNO": 2,
      "RESUME_TITLE": "OOO님의 이력서입니다.",
      "BASIC_RESUME_YN": "N",
      "RESUME_ITEM_CLCD": "6",
      "DS_RESUME_ITEM_CLCD": "수상경력",
      "SEQNO": 6,
      "RESUME_ITEM_1_CD": "00000000",
      "RESUME_ITEM_2_CD": "3",
      "RESUME_ITEM_1_NM": "모범상",
      "RESUME_ITEM_2_NM": "OO기관",
      "HIST_STDT": "20250327",
      "ETC_ITEM_CONT": "주요활동"
    },
    {
      "TMPL_SEQNO": 3,
      "RESUME_TITLE": "OOO님의 이력서입니다.",
      "BASIC_RESUME_YN": "N",
      "RESUME_ITEM_CLCD": "5",
      "DS_RESUME_ITEM_CLCD": "해외연수",
      "SEQNO": 1,
      "RESUME_ITEM_1_CD": "00000000",
      "RESUME_ITEM_2_CD": "25",
      "DS_RESUME_ITEM_2_CD": "해외인턴",
      "RESUME_ITEM_1_NM": "교환학생",
      "RESUME_ITEM_2_NM": "문화교류 프로그램 참여",
      "RESUME_ITEM_3_NM": "영국",
      "HIST_STDT": "20250517",
      "HIST_ENDT": "20251026",
      "ETC_ITEM_CONT": "기타내용"
    },
    {
      "TMPL_SEQNO": 3,
      "RESUME_TITLE": "OOO님의 이력서입니다.",
      "BASIC_RESUME_YN": "N",
      "RESUME_ITEM_CLCD": "7",
      "DS_RESUME_ITEM_CLCD": "전산능력",
      "SEQNO": 2,
      "RESUME_ITEM_1_CD": "4",
      "DS_RESUME_ITEM_1_CD": "영상편집",
      "ETC_ITEM_CONT": "기타 컴퓨터 활용능력"
    },
    {
      "TMPL_SEQNO": 3,
      "RESUME_TITLE": "OOO님의 이력서입니다.",
      "BASIC_RESUME_YN": "N",
      "RESUME_ITEM_CLCD": "10",
      "DS_RESUME_ITEM_CLCD": "봉사활동",
      "SEQNO": 3,
      "RESUME_ITEM_1_CD": "00000000",
      "RESUME_ITEM_1_NM": "노인복지관 봉사",
      "RESUME_ITEM_2_NM": "OO재단",
      "RESUME_ITEM_3_NM": "자원봉사",
      "HIST_STDT": "20250329",
      "HIST_ENDT": "20250917",
      "RESUME_ITEM_5_NM": "주요활동"
    },
    {
      "TMPL_SEQNO": 3,
      "RESUME_TITLE": "OOO님의 이력서입니다.",
      "BASIC_RESUME_YN": "N",
      "RESUME_ITEM_CLCD": "8",
      "DS_RESUME_ITEM_CLCD": "외국어능력",
      "SEQNO": 4,
      "RESUME_ITEM_1_CD": "07",
      "DS_RESUME_ITEM_1_CD": "베트남어",
      "RESUME_ITEM_2_CD": "5",
      "DS_RESUME_ITEM_2_CD": "JLPT",
      "RESUME_ITEM_1_VAL": "4급",
      "HIST_STDT": "20201001",
      "HIST_ITEM_GRDCD": "2",
      "DS_HIST_ITEM_GRDCD": "중"
    },
    {
      "TMPL_SEQNO": 3,
      "RESUME_TITLE": "OOO님의 이력서입니다.",
      "BASIC_RESUME_YN": "N",
      "RESUME_ITEM_CLCD": "6",
      "DS_RESUME_ITEM_CLCD": "수상경력",
      "SEQNO": 5,
      "RESUME_ITEM_1_CD": "00000000",
      "RESUME_ITEM_2_CD": "3",
      "RESUME_ITEM_1_NM": "공모전 수상",
      "RESUME_ITEM_2_NM": "OO학회",
      "HIST_STDT": "20150219",
      "ETC_ITEM_CONT": "주요활동"
    }
  ]
}