{
  "SEEK_CUST_NO": "4491587705336",
  "CONTENTS": [
    {
      "TMPL_SEQNO": 1,
      "RESUME_TITLE": "OOO님의 이력서입니다.",
      "BASIC_RESUME_YN": "Y",
      "RESUME_ITEM_CLCD": "4",
      "DS_RESUME_ITEM_CLCD": "개인경력",
      "SEQNO": 1,
      "RESUME_ITEM_1_CD": "00000000",
      "RESUME_ITEM_2_CD": "N",
      "RESUME_ITEM_4_CD": "N",
      "RESUME_ITEM_1_NM": "OO기업",
      "RESUME_ITEM_2_NM": "생산관리",
      "RESUME_ITEM_3_NM": "대리",
      "HIST_STDT": "20150718",
      "HIST_ENDT": "20151024",
      "ETC_ITEM_CONT": "기타사항",
      "CAREER_MMCNT": "12",
      "COMP_NM_OPEN_YN": "N",
      "JSCD": "943378",
      "SLRY_AMT": "600",
      "EMMD_OCCP_CL_YEAR": "2024"
    },
    {
      "TMPL_SEQNO": 1,
      "RESUME_TITLE": "OOO님의 이력서입니다.",
      "BASIC_RESUME_YN": "Y",
      "RESUME_ITEM_CLCD": "6",
      "DS_RESUME_ITEM_CLCD": "수상경력",
      "SEQNO": 2,
      "RESUME_ITEM_1_CD": "00000000",
      "RESUME_ITEM_2_CD": "2",
      "RESUME_ITEM_1_NM": "성적우수상",
      "RESUME_ITEM_2_NM": "OO학회",
      "HIST_STDT": "20201220",
      "ETC_ITEM_CONT": "주요활동"
    },
    {
      "TMPL_SEQNO": 1,
      "RESUME_TITLE": "OOO님의 이력서입니다.",
      "BASIC_RESUME_YN": "Y",
      "RESUME_ITEM_CLCD": "12",
      "DS_RESUME_ITEM_CLCD": "참여프로젝트",
      "SEQNO": 3,
      "RESUME_ITEM_1_CD": "00000000",
      "RESUME_ITEM_1_NM": "데이터 파이프라인 구축",
      "RESUME_ITEM_2_NM": "PM",
      "RESUME_ITEM_3_NM": "고용노동부",
      "HIST_STDT": "20241017",
      "HIST_ENDT": "20250420",
      "ETC_ITEM_CONT": "주요 업무 및 성과"
    },
    {
      "TMPL_SEQNO": 1,
      "RESUME_TITLE": "OOO님의 이력서입니다.",
      "BASIC_RESUME_YN": "Y",
      "RESUME_ITEM_CLCD": "7",
      "DS_RESUME_ITEM_CLCD": "전산능력",
      "SEQNO": 4,
      "RESUME_ITEM_1_CD": "4",
      "DS_RESUME_ITEM_1_CD": "영상편집",
      "ETC_ITEM_CONT": "기타 컴퓨터 활용능력"
    },
    {
      "TMPL_SEQNO": 2,
      "RESUME_TITLE": "OOO님의 이력서입니다.",
      "BASIC_RESUME_YN": "N",
      "RESUME_ITEM_CLCD": "4",
      "DS_RESUME_ITEM_CLCD": "개인경력",
      "SEQNO": 1,
      "RESUME_ITEM_1_CD": "00000000",
      "RESUME_ITEM_2_CD": "N",
      "RESUME_ITEM_4_CD": "Y",
      "RESUME_ITEM_1_NM": "OO기업",
      "RESUME_ITEM_2_NM": "검사/포장",
      "RESUME_ITEM_3_NM": "주임",
      "HIST_STDT": "20210227",
      "HIST_ENDT": "20220125",
      "ETC_ITEM_CONT": "기타사항",
      "CAREER_MMCNT": "9",
      "COMP_NM_OPEN_YN": "Y",
      "JSCD": "657208",
      "SLRY_AMT": "700",
      "EMMD_OCCP_CL_YEAR": "2025"
    },
    {
      "TMPL_SEQNO": 2,
      "RESUME_TITLE": "OOO님의 이력서입니다.",
      "BASIC_RESUME_YN": "N",
      "RESUME_ITEM_CLCD": "5",
      "DS_RESUME_ITEM_CLCD": "해외연수",
      "SEQNO": 2,
      "RESUME_ITEM_1_CD": "00000000",
      "RESUME_ITEM_2_CD": "66",
      "DS_RESUME_ITEM_2_CD": "워킹홀리데이",
      "RESUME_ITEM_1_NM": "교환학생",
      "RESUME_ITEM_2_NM": "어학습득",
      "RESUME_ITEM_3_NM": "캐나다",
      "HIST_STDT": "20181022",
      "HIST_ENDT": "20190606",
      "ETC_ITEM_CONT": "기타내용"
    },
    {
      "TMPL_SEQNO": 2,
      "RESUME_TITLE": "OOO님의 이력서입니다.",
      "BASIC_RESUME_YN": "N",
      "RESUME_ITEM_CLCD": "3",
      "DS_RESUME_ITEM_CLCD": "논문",
      "SEQNO": 3,
      "RESUME_ITEM_1_CD": "00000000",
      "RESUME_ITEM_2_CD": "2",
      "RESUME_ITEM_1_NM": "중소기업 디지털전환 사례연구",
      "RESUME_ITEM_2_NM": "OO대학교",
      "RESUME_ITEM_3_NM": "딥러닝 이미지 분류 비교",
      "HIST_STDT": "20211206"
    },
    {
      "TMPL_SEQNO": 2,
      "RESUME_TITLE": "OOO님의 이력서입니다.",
      "BASIC_RESUME_YN": "N",
      "RESUME_ITEM_CLCD": "10",
      "DS_RESUME_ITEM_CLCD": "봉사활동",
      "SEQNO": 4,
      "RESUME_ITEM_1_CD": "00000000",
      "RESUME_ITEM_1_NM": "노인복지관 봉사",
      "RESUME_ITEM_2_NM": "OO파출소",
      "RESUME_ITEM_3_NM": "자원봉사",
      "HIST_STDT": "20180215",
      "HIST_ENDT": "20180804",
      "RESUME_ITEM_5_NM": "주요활동"
    },
    {
      "TMPL_SEQNO": 2,
      "RESUME_TITLE": "OOO님의 이력서입니다.",
      "BASIC_RESUME_YN": "N",
      "RESUME_ITEM_CLCD": "6",
      "DS_RESUME_ITEM_CLCD": "수상경력",
      "SEQNO": 5,
      "RESUME_ITEM_1_CD": "00000000",
      "RESUME_ITEM_2_CD": "2",
      "RESUME_ITEM_1_NM": "성적우수상",
      "RESUME_ITEM_2_NM": "OO협회",
      "HIST_STDT": "20180308",
      "ETC_ITEM_CONT": "주요활동"
    },
    {
      "TMPL_SEQNO": 2,
      "RESUME_TITLE": "OOO님의 이력서입니다.",
      "BASIC_RESUME_YN": "N",
      "RESUME_ITEM_CLCD": "12",
      "DS_RESUME_ITEM_CLCD": "참여프로젝트",
      "SEQNO": 6,
      "RESUME_ITEM_1_CD": "00000000",
      "RESUME_ITEM_1_NM": "모바일 앱 개발",
      "RESUME_ITEM_2_NM": "데이터 수집/정제",
      "RESUME_ITEM_3_NM": "민간기업",
      "HIST_STDT": "20160317",
      "HIST_ENDT": "20160422",
      "ETC_ITEM_CONT": "주요 업무 및 성과"
    },
    {
      "TMPL_SEQNO": 2,
      "RESUME_TITLE": "OOO님의 이력서입니다.",
      "BASIC_RESUME_YN": "N",
      "RESUME_ITEM_CLCD": "8",
      "DS_RESUME_ITEM_CLCD": "외국어능력",
      "SEQNO": 7,
      "RESUME_ITEM_1_CD": "05",
      "DS_RESUME_ITEM_1_CD": "중국어",
      "RESUME_ITEM_2_CD": "2",
      "DS_RESUME_ITEM_2_CD": "TOEIC",
      "RESUME_ITEM_1_VAL": "5급",
      "HIST_STDT": "20160706",
      "HIST_ITEM_GRDCD": "1",
      "DS_HIST_ITEM_GRDCD": "상"
    },
    {
      "TMPL_SEQNO": 3,
      "RESUME_TITLE": "OOO님의 이력서입니다.",
      "BASIC_RESUME_YN": "N",
      "RESUME_ITEM_CLCD": "5",
      "DS_RESUME_ITEM_CLCD": "해외연수",
      "SEQNO": 1,
      "RESUME_ITEM_1_CD": "00000000",
      "RESUME_ITEM_2_CD": "71",
      "DS_RESUME_ITEM_2_CD": "해외연수",
      "RESUME_ITEM_1_NM": "해외연수",
      "RESUME_ITEM_2_NM": "어학습득",
      "RESUME_ITEM_3_NM": "호주",
      "HIST_STDT": "20240915",
      "HIST_ENDT": "20241221",
      "ETC_ITEM_CONT": "기타내용"
    },
    {
      "TMPL_SEQNO": 3,
      "RESUME_TITLE": "OOO님의 이력서입니다.",
      "BASIC_RESUME_YN": "N",
      "RESUME_ITEM_CLCD": "8",
      "DS_RESUME_ITEM_CLCD": "외국어능력",
      "SEQNO": 2,
      "RESUME_ITEM_1_CD": "11",
      "DS_RESUME_ITEM_1_CD": "일본어",
      "RESUME_ITEM_2_CD": "6",
      "DS_RESUME_ITEM_2_CD": "HSK",
      "RESUME_ITEM_1_VAL": "2급",
      "HIST_STDT": "20240724",
      "HIST_ITEM_GRDCD": "3",
      "DS_HIST_ITEM_GRDCD": "하"
    },
    {
      "TMPL_SEQNO": 3,
      "RESUME_TITLE": "OOO님의 이력서입니다.",
      "BASIC_RESUME_YN": "N",
      "RESUME_ITEM_CLCD": "12",
      "DS_RESUME_ITEM_CLCD": "참여프로젝트",
      "SEQNO": 3,
      "RESUME_ITEM_1_CD": "00000000",
      "RESUME_ITEM_1_NM": "데이터 파이프라인 구축",
      "RESUME_ITEM_2_NM": "백엔드 개발",
      "RESUME_ITEM_3_NM": "민간기업",
      "HIST_STDT": "20150421",
      "HIST_ENDT": "20151001",
      "ETC_ITEM_CONT": "주요 업무 및 성과"
    },
    {
      "TMPL_SEQNO": 3,
      "RESUME_TITLE": "OOO님의 이력서입니다.",
      "BASIC_RESUME_YN": "N",
      "RESUME_ITEM_CLCD": "11",
      "DS_RESUME_ITEM_CLCD": "직업훈련",
      "SEQNO": 4
    },
    {
      "TMPL_SEQNO": 3,
      "RESUME_TITLE": "OOO님의 이력서입니다.",
      "BASIC_RESUME_YN": "N",
      "RESUME_ITEM_CLCD": "9",
      "DS_RESUME_ITEM_CLCD": "학력",
      "SEQNO": 5,
      "RESUME_ITEM_1_CD": "7",
      "DS_RESUME_ITEM_1_CD": "고등학교",
      "RESUME_ITEM_2_CD": "116165",
      "DS_RESUME_ITEM_2_CD": "통계학",
      "RESUME_ITEM_3_CD": "218289",
      "DS_RESUME_ITEM_3_CD": "기계공학",
      "RESUME_ITEM_4_CD": "18",
      "DS_RESUME_ITEM_4_CD": "재학",
      "RESUME_ITEM_1_NM": "OO대학원",
      "RESUME_ITEM_2_NM": "경영학",
      "RESUME_ITEM_3_NM": "경영학",
      "HIST_STDT": "20210617",
      "HIST_ENDT": "20210927",
      "ETC_ITEM_CONT": "학점 / 총점"
    }
  ]
}