{
  "SEEK_CUST_NO": "6949839399911",
  "CONTENTS": [
    {
      "TMPL_SEQNO": 1,
      "RESUME_TITLE": "OOO님의 이력서입니다.",
      "BASIC_RESUME_YN": "Y",
      "RESUME_ITEM_CLCD": "4",
      "DS_RESUME_ITEM_CLCD": "개인경력",
      "SEQNO": 1,
      "RESUME_ITEM_1_CD": "00000000",
      "RESUME_ITEM_2_CD": "Y",
      "RESUME_ITEM_4_CD": "N",
      "RESUME_ITEM_1_NM": "OO기업",
      "RESUME_ITEM_2_NM": "품질관리",
      "RESUME_ITEM_3_NM": "대리",
      "HIST_STDT": "20181110",
      "HIST_ENDT": "20190407",
      "ETC_ITEM_CONT": "기타사항",
      "CAREER_MMCNT": "8",
      "COMP_NM_OPEN_YN": "N",
      "JSCD": "358081",
      "SLRY_AMT": "100",
      "EMMD_OCCP_CL_YEAR": "2024"
    },
    {
      "TMPL_SEQNO": 1,
      "RESUME_TITLE": "OOO님의 이력서입니다.",
      "BASIC_RESUME_YN": "Y",
      "RESUME_ITEM_CLCD": "6",
      "DS_RESUME_ITEM_CLCD": "수상경력",
      "SEQNO": 2,
      "RESUME_ITEM_1_CD": "00000000",
      "RESUME_ITEM_2_CD": "3",
      "RESUME_ITEM_1_NM": "성적우수상",
      "RESUME_ITEM_2_NM": "OO학회",
      "HIST_STDT": "20190524",
      "ETC_ITEM_CONT": "주요활동"
    },
    {
      "TMPL_SEQNO": 1,
      "RESUME_TITLE": "OOO님의 이력서입니다.",
      "BASIC_RESUME_YN": "Y",
      "RESUME_ITEM_CLCD": "5",
      "DS_RESUME_ITEM_CLCD": "해외연수",
      "SEQNO": 3,
      "RESUME_ITEM_1_CD": "00000000",
      "RESUME_ITEM_2_CD": "66",
      "DS_RESUME_ITEM_2_CD": "워킹홀리데이",
      "RESUME_ITEM_1_NM": "해외인턴",
      "RESUME_ITEM_2_NM": "문화교류 프로그램 참여",
      "RESUME_ITEM_3_NM": "캐나다",
      "HIST_STDT": "20170505",
      "HIST_ENDT": "20170923",
      "ETC_ITEM_CONT": "기타내용"
    },
    {
      "TMPL_SEQNO": 1,
      "RESUME_TITLE": "OOO님의 이력서입니다.",
      "BASIC_RESUME_YN": "Y",
      "RESUME_ITEM_CLCD": "8",
      "DS_RESUME_ITEM_CLCD": "외국어능력",
      "SEQNO": 4,
      "RESUME_ITEM_1_CD": "03",
      "DS_RESUME_ITEM_1_CD": "영어",
      "RESUME_ITEM_2_CD": "4",
      "DS_RESUME_ITEM_2_CD": "IELTS",
      "RESUME_ITEM_1_VAL": "1급",
      "HIST_STDT": "20211223",
      "HIST_ITEM_GRDCD": "2",
      "DS_HIST_ITEM_GRDCD": "중"
    },
    {
      "TMPL_SEQNO": 1,
      "RESUME_TITLE": "OOO님의 이력서입니다.",
      "BASIC_RESUME_YN": "Y",
      "RESUME_ITEM_CLCD": "2",
      "DS_RESUME_ITEM_CLCD": "훈련",
      "SEQNO": 5,
      "RESUME_ITEM_1_CD": "00000000",
      "RESUME_ITEM_2_CD": "N",
      "RESUME_ITEM_1_NM": "직업전문학교",
      "RESUME_ITEM_2_NM": "캐드 기초 과정 수료",
      "RESUME_ITEM_5_NM": "훈련과정"
    },
    {
      "TMPL_SEQNO": 1,
      "RESUME_TITLE": "OOO님의 이력서입니다.",
      "BASIC_RESUME_YN": "Y",
      "RESUME_ITEM_CLCD": "3",
      "DS_RESUME_ITEM_CLCD": "논문",
      "SEQNO": 6,
      "RESUME_ITEM_1_CD": "00000000",
      "RESUME_ITEM_2_CD": "2",
      "RESUME_ITEM_1_NM": "재직자 직무스트레스와 성과의 관계",
      "RESUME_ITEM_2_NM": "OO대학원",
      "RESUME_ITEM_3_NM": "딥러닝 이미지 분류 비교",
      "HIST_STDT": "20250719"
    },
    {
      "TMPL_SEQNO": 2,
      "RESUME_TITLE": "OOO님의 이력서입니다.",
      "BASIC_RESUME_YN": "N",
      "RESUME_ITEM_CLCD": "11",
      "DS_RESUME_ITEM_CLCD": "직업훈련",
      "SEQNO": 1
    },
    {
      "TMPL_SEQNO": 2,
      "RESUME_TITLE": "OOO님의 이력서입니다.",
      "BASIC_RESUME_YN": "N",
      "RESUME_ITEM_CLCD": "12",
      "DS_RESUME_ITEM_CLCD": "참여프로젝트",
      "SEQNO": 2,
      "RESUME_ITEM_1_CD": "00000000",
      "RESUME_ITEM_1_NM": "데이터 파이프라인 구축",
      "RESUME_ITEM_2_NM": "PM",
      "RESUME_ITEM_3_NM": "민간기업",
      "HIST_STDT": "20210515",
      "HIST_ENDT": "20220118",
      "ETC_ITEM_CONT": "주요 업무 및 성과"
    },
    {
      "TMPL_SEQNO": 2,
      "RESUME_TITLE": "OOO님의 이력서입니다.",
      "BASIC_RESUME_YN": "N",
      "RESUME_ITEM_CLCD": "5",
      "DS_RESUME_ITEM_CLCD": "해외연수",
      "SEQNO": 3,
      "RESUME_ITEM_1_CD": "00000000",
      "RESUME_ITEM_2_CD": "66",
      "DS_RESUME_ITEM_2_CD": "워킹홀리데이",
      "RESUME_ITEM_1_NM": "워킹홀리데이",
      "RESUME_ITEM_2_NM": "문화교류 프로그램 참여",
      "RESUME_ITEM_3_NM": "호주",
      "HIST_STDT": "20211025",
      "HIST_ENDT": "20220817",
      "ETC_ITEM_CONT": "기타내용"
    },
    {
      "TMPL_SEQNO": 2,
      "RESUME_TITLE": "OOO님의 이력서입니다.",
      "BASIC_RESUME_YN": "N",
      "RESUME_ITEM_CLCD": "1",
      "DS_RESUME_ITEM_CLCD": "자격면허",
      "SEQNO": 4,
      "RESUME_ITEM_1_CD": "1387512",
      "DS_RESUME_ITEM_1_CD": "컴퓨터자격증",
      "RESUME_ITEM_1_NM": "한국산업인력공단",
      "HIST_STDT": "20210626",
      "ETC_ITEM_CONT": "자격증명"
    },
    {
      "TMPL_SEQNO": 2,
      "RESUME_TITLE": "OOO님의 이력서입니다.",
      "BASIC_RESUME_YN": "N",
      "RESUME_ITEM_CLCD": "6",
      "DS_RESUME_ITEM_CLCD": "수상경력",
      "SEQNO": 5,
      "RESUME_ITEM_1_CD": "00000000",
      "RESUME_ITEM_2_CD": "1",
      "RESUME_ITEM_1_NM": "모범상",
      "RESUME_ITEM_2_NM": "OO학회",
      "HIST_STDT": "20210106",
      "ETC_ITEM_CONT": "주요활동"
    },
    {
      "TMPL_SEQNO": 2,
      "RESUME_TITLE": "OOO님의 이력서입니다.",
      "BASIC_RESUME_YN": "N",
      "RESUME_ITEM_CLCD": "3",
      "DS_RESUME_ITEM_CLCD": "논문",
      "SEQNO": 6,
      "RESUME_ITEM_1_CD": "00000000",
      "RESUME_ITEM_2_CD": "2",
      "RESUME_ITEM_1_NM": "재직자 직무스트레스와 성과의 관계",
      "RESUME_ITEM_2_NM": "OO연구원",
      "RESUME_ITEM_3_NM": "재직자의 특성 분석 관련 내용",
      "HIST_STDT": "20250312"
    }
  ]
}