{
  "SEEK_CUST_NO": "8413273603722",
  "CONTENTS": [
    {
      "TMPL_SEQNO": 1,
      "RESUME_TITLE": "OOO님의 이력서입니다.",
      "BASIC_RESUME_YN": "Y",
      "RESUME_ITEM_CLCD": "4",
      "DS_RESUME_ITEM_CLCD": "개인경력",
      "SEQNO": 1,
      "RESUME_ITEM_1_CD": "00000000",
      "RESUME_ITEM_2_CD": "N",
      "RESUME_ITEM_4_CD": "N",
      "RESUME_ITEM_1_NM": "OO테크",
      "RESUME_ITEM_2_NM": "고객지원",
      "RESUME_ITEM_3_NM": "대리",
      "HIST_STDT": "20180903",
      "HIST_ENDT": "20181006",
      "ETC_ITEM_CONT": "기타사항",
      "CAREER_MMCNT": "2",
      "COMP_NM_OPEN_YN": "N",
      "JSCD": "586601",
      "SLRY_AMT": "300",
      "EMMD_OCCP_CL_YEAR": "2025"
    },
    {
      "TMPL_SEQNO": 1,
      "RESUME_TITLE": "OOO님의 이력서입니다.",
      "BASIC_RESUME_YN": "Y",
      "RESUME_ITEM_CLCD": "8",
      "DS_RESUME_ITEM_CLCD": "외국어능력",
      "SEQNO": 2,
      "RESUME_ITEM_1_CD": "03",
      "DS_RESUME_ITEM_1_CD": "영어",
      "RESUME_ITEM_2_CD": "8",
      "DS_RESUME_ITEM_2_CD": "OPIC",
      "RESUME_ITEM_1_VAL": "4급",
      "HIST_STDT": "20200324",
      "HIST_ITEM_GRDCD": "1",
      "DS_HIST_ITEM_GRDCD": "상"
    },
    {
      "TMPL_SEQNO": 1,
      "RESUME_TITLE": "OOO님의 이력서입니다.",
      "BASIC_RESUME_YN": "Y",
      "RESUME_ITEM_CLCD": "10",
      "DS_RESUME_ITEM_CLCD": "봉사활동",
      "SEQNO": 3,
      "RESUME_ITEM_1_CD": "00000000",
      "RESUME_ITEM_1_NM": "환경정화 활동",
      "RESUME_ITEM_2_NM": "OO재단",
      "RESUME_ITEM_3_NM": "인턴",
      "HIST_STDT": "20190504",
      "HIST_ENDT": "20190821",
      "RESUME_ITEM_5_NM": "주요활동"
    },
    {
      "TMPL_SEQNO": 1,
      "RESUME_TITLE": "OOO님의 이력서입니다.",
      "BASIC_RESUME_YN": "Y",
      "RESUME_ITEM_CLCD": "2",
      "DS_RESUME_ITEM_CLCD": "훈련",
      "SEQNO": 4,
      "RESUME_ITEM_1_CD": "00000000",
      "RESUME_ITEM_2_CD": "Y",
      "RESUME_ITEM_1_NM": "민간훈련기관",
      "RESUME_ITEM_2_NM": "캐드 기초 과정 수료",
      "RESUME_ITEM_5_NM": "훈련과정"
    },
    {
      "TMPL_SEQNO": 1,
      "RESUME_TITLE": "OOO님의 이력서입니다.",
      "BASIC_RESUME_YN": "Y",
      "RESUME_ITEM_CLCD": "3",
      "DS_RESUME_ITEM_CLCD": "논문",
      "SEQNO": 5,
      "RESUME_ITEM_1_CD": "00000000",
      "RESUME_ITEM_2_CD": "1",
      "RESUME_ITEM_1_NM": "재직자 직무스트레스와 성과의 관계",
      "RESUME_ITEM_2_NM": "OO대학원",
      "RESUME_ITEM_3_NM": "딥러닝 이미지 분류 비교",
      "HIST_STDT": "20241010"
    },
    {
      "TMPL_SEQNO": 1,
      "RESUME_TITLE": "OOO님의 이력서입니다.",
      "BASIC_RESUME_YN": "Y",
      "RESUME_ITEM_CLCD": "9",
      "DS_RESUME_ITEM_CLCD": "학력",
      "SEQNO": 6,
      "RESUME_ITEM_1_CD": "7",
      "DS_RESUME_ITEM_1_CD": "고등학교",
      "RESUME_ITEM_2_CD": "033959",
      "DS_RESUME_ITEM_2_CD": "심리학",
      "RESUME_ITEM_3_CD": "207726",
      "DS_RESUME_ITEM_3_CD": "전기전자공학",
      "RESUME_ITEM_4_CD": "12",
      "DS_RESUME_ITEM_4_CD": "졸업",
      "RESUME_ITEM_1_NM": "OO고등학교",
      "RESUME_ITEM_2_NM": "산업공학",
      "RESUME_ITEM_3_NM": "컴퓨터공학",
      "HIST_STDT": "20240827",
      "HIST_ENDT": "20250129",
      "ETC_ITEM_CONT": "학점 / 총점"
    }
  ]
}