{
  "SEEK_CUST_NO": "1199348598020",
  "CONTENTS": [
    {
      "TMPL_SEQNO": 1,
      "RESUME_TITLE": "OOO님의 이력서입니다.",
      "BASIC_RESUME_YN": "Y",
      "RESUME_ITEM_CLCD": "4",
      "DS_RESUME_ITEM_CLCD": "개인경력",
      "SEQNO": 1,
      "RESUME_ITEM_1_CD": "00000000",
      "RESUME_ITEM_2_CD": "Y",
      "RESUME_ITEM_4_CD": "N",
      "RESUME_ITEM_1_NM": "OO회사",
      "RESUME_ITEM_2_NM": "검사/포장",
      "RESUME_ITEM_3_NM": "대리",
      "HIST_STDT": "20230130",
      "HIST_ENDT": "20231130",
      "ETC_ITEM_CONT": "기타사항",
      "CAREER_MMCNT": "3",
      "COMP_NM_OPEN_YN": "N",
      "JSCD": "865109",
      "SLRY_AMT": "600",
      "EMMD_OCCP_CL_YEAR": "2023"
    },
    {
      "TMPL_SEQNO": 1,
      "RESUME_TITLE": "OOO님의 이력서입니다.",
      "BASIC_RESUME_YN": "Y",
      "RESUME_ITEM_CLCD": "8",
      "DS_RESUME_ITEM_CLCD": "외국어능력",
      "SEQNO": 2,
      "RESUME_ITEM_1_CD": "11",
      "DS_RESUME_ITEM_1_CD": "일본어",
      "RESUME_ITEM_2_CD": "3",
      "DS_RESUME_ITEM_2_CD": "TestDaF",
      "RESUME_ITEM_1_VAL": "3급",
      "HIST_STDT": "20160126",
      "HIST_ITEM_GRDCD": "3",
      "DS_HIST_ITEM_GRDCD": "하"
    },
    {
      "TMPL_SEQNO": 1,
      "RESUME_TITLE": "OOO님의 이력서입니다.",
      "BASIC_RESUME_YN": "Y",
      "RESUME_ITEM_CLCD": "11",
      "DS_RESUME_ITEM_CLCD": "직업훈련",
      "SEQNO": 3
    },
    {
      "TMPL_SEQNO": 2,
      "RESUME_TITLE": "OOO님의 이력서입니다.",
      "BASIC_RESUME_YN": "N",
      "RESUME_ITEM_CLCD": "5",
      "DS_RESUME_ITEM_CLCD": "해외연수",
      "SEQNO": 1,
      "RESUME_ITEM_1_CD": "00000000",
      "RESUME_ITEM_2_CD": "09",
      "DS_RESUME_ITEM_2_CD": "교환학생",
      "RESUME_ITEM_1_NM": "교환학생",
      "RESUME_ITEM_2_NM": "현지업무보조",
      "RESUME_ITEM_3_NM": "일본",
      "HIST_STDT": "20190721",
      "HIST_ENDT": "20191118",
      "ETC_ITEM_CONT": "기타내용"
    },
    {
      "TMPL_SEQNO": 2,
      "RESUME_TITLE": "OOO님의 이력서입니다.",
      "BASIC_RESUME_YN": "N",
      "RESUME_ITEM_CLCD": "12",
      "DS_RESUME_ITEM_CLCD": "참여프로젝트",
      "SEQNO": 2,
      "RESUME_ITEM_1_CD": "00000000",
      "RESUME_ITEM_1_NM": "모바일 앱 개발",
      "RESUME_ITEM_2_NM": "데이터 수집/정제",
      "RESUME_ITEM_3_NM": "지방자치단체",
      "HIST_STDT": "20210705",
      "HIST_ENDT": "20220208",
      "ETC_ITEM_CONT": "주요 업무 및 성과"
    },
    {
      "TMPL_SEQNO": 2,
      "RESUME_TITLE": "OOO님의 이력서입니다.",
      "BASIC_RESUME_YN": "N",
      "RESUME_ITEM_CLCD": "1",
      "DS_RESUME_ITEM_CLCD": "자격면허",
      "SEQNO": 3,
      "RESUME_ITEM_1_CD": "1387512",
      "DS_RESUME_ITEM_1_CD": "컴퓨터자격증",
      "RESUME_ITEM_1_NM": "대한상공회의소",
      "HIST_STDT": "20250629",
      "ETC_ITEM_CONT": "자격증명"
    }
  ]
}