{
  "SEEK_CUST_NO": "7042531535874",
  "CONTENTS": [
    {
      "TMPL_SEQNO": 1,
      "RESUME_TITLE": "OOO님의 이력서입니다.",
      "BASIC_RESUME_YN": "Y",
      "RESUME_ITEM_CLCD": "11",
      "DS_RESUME_ITEM_CLCD": "직업훈련",
      "SEQNO": 1
    },
    {
      "TMPL_SEQNO": 1,
      "RESUME_TITLE": "OOO님의 이력서입니다.",
      "BASIC_RESUME_YN": "Y",
      "RESUME_ITEM_CLCD": "5",
      "DS_RESUME_ITEM_CLCD": "해외연수",
      "SEQNO": 2,
      "RESUME_ITEM_1_CD": "00000000",
      "RESUME_ITEM_2_CD": "09",
      "DS_RESUME_ITEM_2_CD": "교환학생",
      "RESUME_ITEM_1_NM": "해외연수",
      "RESUME_ITEM_2_NM": "문화교류 프로그램 참여",
      "RESUME_ITEM_3_NM": "독일",
      "HIST_STDT": "20230702",
      "HIST_ENDT": "20231102",
      "ETC_ITEM_CONT": "기타내용"
    },
    {
      "TMPL_SEQNO": 1,
      "RESUME_TITLE": "OOO님의 이력서입니다.",
      "BASIC_RESUME_YN": "Y",
      "RESUME_ITEM_CLCD": "1",
      "DS_RESUME_ITEM_CLCD": "자격면허",
      "SEQNO": 3,
      "RESUME_ITEM_1_CD": "1387512",
      "DS_RESUME_ITEM_1_CD": "컴퓨터자격증",
      "RESUME_ITEM_1_NM": "한국산업인력공단",
      "HIST_STDT": "20161128",
      "ETC_ITEM_CONT": "자격증명"
    },
    {
      "TMPL_SEQNO": 1,
      "RESUME_TITLE": "OOO님의 이력서입니다.",
      "BASIC_RESUME_YN": "Y",
      "RESUME_ITEM_CLCD": "9",
      "DS_RESUME_ITEM_CLCD": "학력",
      "SEQNO": 4,
      "RESUME_ITEM_1_CD": "1",
      "DS_RESUME_ITEM_1_CD": "대학교(4년제)",
      "RESUME_ITEM_2_CD": "127900",
      "DS_RESUME_ITEM_2_CD": "산업공학",
      "RESUME_ITEM_3_CD": "033959",
      "DS_RESUME_ITEM_3_CD": "심리학",
      "RESUME_ITEM_4_CD": "71",
      "DS_RESUME_ITEM_4_CD": "휴학",
      "RESUME_ITEM_1_NM": "OO대학교",
      "RESUME_ITEM_2_NM": "통계학",
      "RESUME_ITEM_3_NM": "심리학",
      "HIST_STDT": "20170109",
      "HIST_ENDT": "20171118",
      "ETC_ITEM_CONT": "학점 / 총점"
    },
    {
      "TMPL_SEQNO": 2,
      "RESUME_TITLE": "OOO님의 이력서입니다.",
      "BASIC_RESUME_YN": "N",
      "RESUME_ITEM_CLCD": "11",
      "DS_RESUME_ITEM_CLCD": "직업훈련",
      "SEQNO": 1
    },
    {
      "TMPL_SEQNO": 2,
      "RESUME_TITLE": "OOO님의 이력서입니다.",
      "BASIC_RESUME_YN": "N",
      "RESUME_ITEM_CLCD": "10",
      "DS_RESUME_ITEM_CLCD": "봉사활동",
      "SEQNO": 2,
      "RESUME_ITEM_1_CD": "00000000",
      "RESUME_ITEM_1_NM": "노인복지관 봉사",
      "RESUME_ITEM_2_NM": "OO재단",
      "RESUME_ITEM_3_NM": "자원봉사",
      "HIST_STDT": "20220519",
      "HIST_ENDT": "20221025",
      "RESUME_ITEM_5_NM": "주요활동"
    },
    {
      "TMPL_SEQNO": 2,
      "RESUME_TITLE": "OOO님의 이력서입니다.",
      "BASIC_RESUME_YN": "N",
      "RESUME_ITEM_CLCD": "9",
      "DS_RESUME_ITEM_CLCD": "학력",
      "SEQNO": 3,
      "RESUME_ITEM_1_CD": "1",
      "DS_RESUME_ITEM_1_CD": "대학교(4년제)",
      "RESUME_ITEM_2_CD": "635235",
      "DS_RESUME_ITEM_2_CD": "디자인",
      "RESUME_ITEM_3_CD": "121702",
      "DS_RESUME_ITEM_3_CD": "국문학",
      "RESUME_ITEM_4_CD": "18",
      "DS_RESUME_ITEM_4_CD": "재학",
      "RESUME_ITEM_1_NM": "OO대학교",
      "RESUME_ITEM_2_NM": "디자인",
      "RESUME_ITEM_3_NM": "심리학",
      "HIST_STDT": "20170928",
      "HIST_ENDT": "20180716",
      "ETC_ITEM_CONT": "학점 / 총점"
    },
    {
      "TMPL_SEQNO": 3,
      "RESUME_TITLE": "OOO님의 이력서입니다.",
      "BASIC_RESUME_YN": "N",
      "RESUME_ITEM_CLCD": "9",
      "DS_RESUME_ITEM_CLCD": "학력",
      "SEQNO": 1,
      "RESUME_ITEM_1_CD": "5",
      "DS_RESUME_ITEM_1_CD": "전문대학원",
      "RESUME_ITEM_2_CD": "255277",
      "DS_RESUME_ITEM_2_CD": "경제학",
      "RESUME_ITEM_3_CD": "121702",
      "DS_RESUME_ITEM_3_CD": "국문학",
      "RESUME_ITEM_4_CD": "12",
      "DS_RESUME_ITEM_4_CD": "졸업",
      "RESUME_ITEM_1_NM": "OO대학교",
      "RESUME_ITEM_2_NM": "컴퓨터공학",
      "RESUME_ITEM_3_NM": "컴퓨터공학",
      "HIST_STDT": "20200227",
      "HIST_ENDT": "20210212",
      "ETC_ITEM_CONT": "학점 / 총점"
    },
    {
      "TMPL_SEQNO": 3,
      "RESUME_TITLE": "OOO님의 이력서입니다.",
      "BASIC_RESUME_YN": "N",
      "RESUME_ITEM_CLCD": "6",
      "DS_RESUME_ITEM_CLCD": "수상경력",
      "SEQNO": 2,
      "RESUME_ITEM_1_CD": "00000000",
      "RESUME_ITEM_2_CD": "1",
      "RESUME_ITEM_1_NM": "공모전 수상",
      "RESUME_ITEM_2_NM": "OO기관",
      "HIST_STDT": "20190128",
      "ETC_ITEM_CONT": "주요활동"
    },
    {
      "TMPL_SEQNO": 3,
      "RESUME_TITLE": "OOO님의 이력서입니다.",
      "BASIC_RESUME_YN": "N",
      "RESUME_ITEM_CLCD": "3",
      "DS_RESUME_ITEM_CLCD": "논문",
      "SEQNO": 3,
      "RESUME_ITEM_1_CD": "00000000",
      "RESUME_ITEM_2_CD": "3",
      "RESUME_ITEM_1_NM": "재직자 직무스트레스와 성과의 관계",
      "RESUME_ITEM_2_NM": "OO대학원",
      "RESUME_ITEM_3_NM": "재직자의 특성 분석 관련 내용",
      "HIST_STDT": "20170811"
    },
    {
      "TMPL_SEQNO": 3,
      "RESUME_TITLE": "OOO님의 이력서입니다.",
      "BASIC_RESUME_YN": "N",
      "RESUME_ITEM_CLCD": "4",
      "DS_RESUME_ITEM_CLCD": "개인경력",
      "SEQNO": 4,
      "RESUME_ITEM_1_CD": "00000000",
      "RESUME_ITEM_2_CD": "Y",
      "RESUME_ITEM_4_CD": "Y",
      "RESUME_ITEM_1_NM": "OO회사",
      "RESUME_ITEM_2_NM": "고객지원",
      "RESUME_ITEM_3_NM": "인턴",
      "HIST_STDT": "20160115",
      "HIST_ENDT": "20161229",
      "ETC_ITEM_CONT": "기타사항",
      "CAREER_MMCNT": "9",
      "COMP_NM_OPEN_YN": "Y",
      "JSCD": "575069",
      "SLRY_AMT": "100",
      "EMMD_OCCP_CL_YEAR": "2024"
    },
    {
      "TMPL_SEQNO": 3,
      "RESUME_TITLE": "OOO님의 이력서입니다.",
      "BASIC_RESUME_YN": "N",
      "RESUME_ITEM_CLCD": "2",
      "DS_RESUME_ITEM_CLCD": "훈련",
      "SEQNO": 5,
      "RESUME_ITEM_1_CD": "00000000",
      "RESUME_ITEM_2_CD": "N",
      "RESUME_ITEM_1_NM": "폴리텍대학",
      "RESUME_ITEM_2_NM": "응용SW 실무 프로젝트",
      "RESUME_ITEM_5_NM": "훈련과정"
    }
  ]
}