{
  "SEEK_CUST_NO": "3944568408220",
  "CONTENTS": [
    {
      "TMPL_SEQNO": 1,
      "RESUME_TITLE": "OOO님의 이력서입니다.",
      "BASIC_RESUME_YN": "Y",
      "RESUME_ITEM_CLCD": "12",
      "DS_RESUME_ITEM_CLCD": "참여프로젝트",
      "SEQNO": 1,
      "RESUME_ITEM_1_CD": "00000000",
      "RESUME_ITEM_1_NM": "플랫폼 구축 및 실증",
      "RESUME_ITEM_2_NM": "PM",
      "RESUME_ITEM_3_NM": "민간기업",
      "HIST_STDT": "20190205",
      "HIST_ENDT": "20190525",
      "ETC_ITEM_CONT": "주요 업무 및 성과"
    },
    {
      "TMPL_SEQNO": 1,
      "RESUME_TITLE": "OOO님의 이력서입니다.",
      "BASIC_RESUME_YN": "Y",
      "RESUME_ITEM_CLCD": "11",
      "DS_RESUME_ITEM_CLCD": "직업훈련",
      "SEQNO": 2
    },
    {
      "TMPL_SEQNO": 1,
      "RESUME_TITLE": "OOO님의 이력서입니다.",
      "BASIC_RESUME_YN": "Y",
      "RESUME_ITEM_CLCD": "2",
      "DS_RESUME_ITEM_CLCD": "훈련",
      "SEQNO": 3,
      "RESUME_ITEM_1_CD": "00000000",
      "RESUME_ITEM_2_CD": "Y",
      "RESUME_ITEM_1_NM": "민간훈련기관",
      "RESUME_ITEM_2_NM": "응용SW 실무 프로젝트",
      "RESUME_ITEM_5_NM": "훈련과정"
    },
    {
      "TMPL_SEQNO": 1,
      "RESUME_TITLE": "OOO님의 이력서입니다.",
      "BASIC_RESUME_YN": "Y",
      "RESUME_ITEM_CLCD": "10",
      "DS_RESUME_ITEM_CLCD": "봉사활동",
      "SEQNO": 4,
      "RESUME_ITEM_1_CD": "00000000",
      "RESUME_ITEM_1_NM": "환경정화 활동",
      "RESUME_ITEM_2_NM": "OO재단",
      "RESUME_ITEM_3_NM": "동아리/교내활동",
      "HIST_STDT": "20250107",
      "HIST_ENDT": "20251210",
      "RESUME_ITEM_5_NM": "주요활동"
    },
    {
      "TMPL_SEQNO": 1,
      "RESUME_TITLE": "OOO님의 이력서입니다.",
      "BASIC_RESUME_YN": "Y",
      "RESUME_ITEM_CLCD": "7",
      "DS_RESUME_ITEM_CLCD": "전산능력",
      "SEQNO": 5,
      "RESUME_ITEM_1_CD": "3",
      "DS_RESUME_ITEM_1_CD": "문서작성",
      "ETC_ITEM_CONT": "기타 컴퓨터 활용능력"
    },
    {
      "TMPL_SEQNO": 1,
      "RESUME_TITLE": "OOO님의 이력서입니다.",
      "BASIC_RESUME_YN": "Y",
      "RESUME_ITEM_CLCD": "4",
      "DS_RESUME_ITEM_CLCD": "개인경력",
      "SEQNO": 6,
      "RESUME_ITEM_1_CD": "00000000",
      "RESUME_ITEM_2_CD": "Y",
      "RESUME_ITEM_4_CD": "N",
      "RESUME_ITEM_1_NM": "OO회사",
      "RESUME_ITEM_2_NM": "검사/포장",
      "RESUME_ITEM_3_NM": "주임",
      "HIST_STDT": "20180120",
      "HIST_ENDT": "20180915",
      "ETC_ITEM_CONT": "기타사항",
      "CAREER_MMCNT": "12",
      "COMP_NM_OPEN_YN": "Y",
      "JSCD": "857013",
      "SLRY_AMT": "600",
      "EMMD_OCCP_CL_YEAR": "2023"
    },
    {
      "TMPL_SEQNO": 2,
      "RESUME_TITLE": "OOO님의 이력서입니다.",
      "BASIC_RESUME_YN": "N",
      "RESUME_ITEM_CLCD": "9",
      "DS_RESUME_ITEM_CLCD": "학력",
      "SEQNO": 1,
      "RESUME_ITEM_1_CD": "8",
      "DS_RESUME_ITEM_1_CD": "대학원",
      "RESUME_ITEM_2_CD": "033959",
      "DS_RESUME_ITEM_2_CD": "심리학",
      "RESUME_ITEM_3_CD": "218289",
      "DS_RESUME_ITEM_3_CD": "기계공학",
      "RESUME_ITEM_4_CD": "18",
      "DS_RESUME_ITEM_4_CD": "재학",
      "RESUME_ITEM_1_NM": "OO대학원",
      "RESUME_ITEM_2_NM": "디자인",
      "RESUME_ITEM_3_NM": "경영학",
      "HIST_STDT": "20211026",
      "HIST_ENDT": "20220920",
      "ETC_ITEM_CONT": "학점 / 총점"
    },
    {
      "TMPL_SEQNO": 2,
      "RESUME_TITLE": "OOO님의 이력서입니다.",
      "BASIC_RESUME_YN": "N",
      "RESUME_ITEM_CLCD": "6",
      "DS_RESUME_ITEM_CLCD": "수상경력",
      "SEQNO": 2,
      "RESUME_ITEM_1_CD": "00000000",
      "RESUME_ITEM_2_CD": "2",
      "RESUME_ITEM_1_NM": "공모전 수상",
      "RESUME_ITEM_2_NM": "OO협회",
      "HIST_STDT": "20171221",
      "ETC_ITEM_CONT": "주요활동"
    },
    {
      "TMPL_SEQNO": 2,
      "RESUME_TITLE": "OOO님의 이력서입니다.",
      "BASIC_RESUME_YN": "N",
      "RESUME_ITEM_CLCD": "5",
      "DS_RESUME_ITEM_CLCD": "해외연수",
      "SEQNO": 3,
      "RESUME_ITEM_1_CD": "00000000",
      "RESUME_ITEM_2_CD": "09",
      "DS_RESUME_ITEM_2_CD": "교환학생",
      "RESUME_ITEM_1_NM": "해외연수",
      "RESUME_ITEM_2_NM": "문화교류 프로그램 참여",
      "RESUME_ITEM_3_NM": "독일",
      "HIST_STDT": "20180708",
      "HIST_ENDT": "20181127",
      "ETC_ITEM_CONT": "기타내용"
    },
    {
      "TMPL_SEQNO": 2,
      "RESUME_TITLE": "OOO님의 이력서입니다.",
      "BASIC_RESUME_YN": "N",
      "RESUME_ITEM_CLCD": "4",
      "DS_RESUME_ITEM_CLCD": "개인경력",
      "SEQNO": 4,
      "RESUME_ITEM_1_CD": "00000000",
      "RESUME_ITEM_2_CD": "Y",
      "RESUME_ITEM_4_CD": "N",
      "RESUME_ITEM_1_NM": "OO회사",
      "RESUME_ITEM_2_NM": "품질관리",
      "RESUME_ITEM_3_NM": "주임",
      "HIST_STDT": "20220314",
      "HIST_ENDT": "20220824",
      "ETC_ITEM_CONT": "기타사항",
      "CAREER_MMCNT": "12",
      "COMP_NM_OPEN_YN": "Y",
      "JSCD": "610942",
      "SLRY_AMT": "100",
      "EMMD_OCCP_CL_YEAR": "2023"
    },
    {
      "TMPL_SEQNO": 2,
      "RESUME_TITLE": "OOO님의 이력서입니다.",
      "BASIC_RESUME_YN": "N",
      "RESUME_ITEM_CLCD": "1",
      "DS_RESUME_ITEM_CLCD": "자격면허",
      "SEQNO": 5,
      "RESUME_ITEM_1_CD": "1387512",
      "DS_RESUME_ITEM_1_CD": "컴퓨터자격증",
      "RESUME_ITEM_1_NM": "한국산업인력공단",
      "HIST_STDT": "20170607",
      "ETC_ITEM_CONT": "자격증명"
    },
    {
      "TMPL_SEQNO": 2,
      "RESUME_TITLE": "OOO님의 이력서입니다.",
      "BASIC_RESUME_YN": "N",
      "RESUME_ITEM_CLCD": "2",
      "DS_RESUME_ITEM_CLCD": "훈련",
      "SEQNO": 6,
      "RESUME_ITEM_1_CD": "00000000",
      "RESUME_ITEM_2_CD": "Y",
      "RESUME_ITEM_1_NM": "민간훈련기관",
      "RESUME_ITEM_2_NM": "캐드 기초 과정 수료",
      "RESUME_ITEM_5_NM": "훈련과정"
    },
    {
      "TMPL_SEQNO": 2,
      "RESUME_TITLE": "OOO님의 이력서입니다.",
      "BASIC_RESUME_YN": "N",
      "RESUME_ITEM_CLCD": "8",
      "DS_RESUME_ITEM_CLCD": "외국어능력",
      "SEQNO": 7,
      "RESUME_ITEM_1_CD": "02",
      "DS_RESUME_ITEM_1_CD": "인도네시아어",
      "RESUME_ITEM_2_CD": "4",
      "DS_RESUME_ITEM_2_CD": "IELTS",
      "RESUME_ITEM_1_VAL": "1급",
      "HIST_STDT": "20241003",
      "HIST_ITEM_GRDCD": "1",
      "DS_HIST_ITEM_GRDCD": "상"
    },
    {
      "TMPL_SEQNO": 3,
      "RESUME_TITLE": "OOO님의 이력서입니다.",
      "BASIC_RESUME_YN": "N",
      "RESUME_ITEM_CLCD": "2",
      "DS_RESUME_ITEM_CLCD": "훈련",
      "SEQNO": 1,
      "RESUME_ITEM_1_CD": "00000000",
      "RESUME_ITEM_2_CD": "N",
      "RESUME_ITEM_1_NM": "직업전문학교",
      "RESUME_ITEM_2_NM": "응용SW 실무 프로젝트",
      "RESUME_ITEM_5_NM": "훈련과정"
    },
    {
      "TMPL_SEQNO": 3,
      "RESUME_TITLE": "OOO님의 이력서입니다.",
      "BASIC_RESUME_YN": "N",
      "RESUME_ITEM_CLCD": "8",
      "DS_RESUME_ITEM_CLCD": "외국어능력",
      "SEQNO": 2,
      "RESUME_ITEM_1_CD": "11",
      "DS_RESUME_ITEM_1_CD": "일본어",
      "RESUME_ITEM_2_CD": "0",
      "DS_RESUME_ITEM_2_CD": "DELE",
      "RESUME_ITEM_1_VAL": "2급",
      "HIST_STDT": "20240416",
      "HIST_ITEM_GRDCD": "3",
      "DS_HIST_ITEM_GRDCD": "하"
    },
    {
      "TMPL_SEQNO": 3,
      "RESUME_TITLE": "OOO님의 이력서입니다.",
      "BASIC_RESUME_YN": "N",
      "RESUME_ITEM_CLCD": "1",
      "DS_RESUME_ITEM_CLCD": "자격면허",
      "SEQNO": 3,
      "RESUME_ITEM_1_CD": "9357528",
      "DS_RESUME_ITEM_1_CD": "운전면허",
      "RESUME_ITEM_1_NM": "한국산업인력공단",
      "HIST_STDT": "20240910",
      "ETC_ITEM_CONT": "자격증명"
    }
  ]
}