{
  "SEEK_CUST_NO": "9597684514799",
  "CONTENTS": [
    {
      "TMPL_SEQNO": 1,
      "RESUME_TITLE": "OOO님의 이력서입니다.",
      "BASIC_RESUME_YN": "Y",
      "RESUME_ITEM_CLCD": "8",
      "DS_RESUME_ITEM_CLCD": "외국어능력",
      "SEQNO": 1,
      "RESUME_ITEM_1_CD": "07",
      "DS_RESUME_ITEM_1_CD": "베트남어",
      "RESUME_ITEM_2_CD": "3",
      "DS_RESUME_ITEM_2_CD": "TestDaF",
      "RESUME_ITEM_1_VAL": "3급",
      "HIST_STDT": "20170128",
      "HIST_ITEM_GRDCD": "2",
      "DS_HIST_ITEM_GRDCD": "중"
    },
    {
      "TMPL_SEQNO": 1,
      "RESUME_TITLE": "OOO님의 이력서입니다.",
      "BASIC_RESUME_YN": "Y",
      "RESUME_ITEM_CLCD": "2",
      "DS_RESUME_ITEM_CLCD": "훈련",
      "SEQNO": 2,
      "RESUME_ITEM_1_CD": "00000000",
      "RESUME_ITEM_2_CD": "N",
      "RESUME_ITEM_1_NM": "직업전문학교",
      "RESUME_ITEM_2_NM": "ERP 실습",
      "RESUME_ITEM_5_NM": "훈련과정"
    },
    {
      "TMPL_SEQNO": 1,
      "RESUME_TITLE": "OOO님의 이력서입니다.",
      "BASIC_RESUME_YN": "Y",
      "RESUME_ITEM_CLCD": "4",
      "DS_RESUME_ITEM_CLCD": "개인경력",
      "SEQNO": 3,
      "RESUME_ITEM_1_CD": "00000000",
      "RESUME_ITEM_2_CD": "Y",
      "RESUME_ITEM_4_CD": "N",
      "RESUME_ITEM_1_NM": "OO회사",
      "RESUME_ITEM_2_NM": "검사/포장",
      "RESUME_ITEM_3_NM": "사원",
      "HIST_STDT": "20220905",
      "HIST_ENDT": "20221029",
      "ETC_ITEM_CONT": "기타사항",
      "CAREER_MMCNT": "7",
      "COMP_NM_OPEN_YN": "N",
      "JSCD": "642159",
      "SLRY_AMT": "700",
      "EMMD_OCCP_CL_YEAR": "2024"
    },
    {
      "TMPL_SEQNO": 2,
      "RESUME_TITLE": "OOO님의 이력서입니다.",
      "BASIC_RESUME_YN": "N",
      "RESUME_ITEM_CLCD": "7",
      "DS_RESUME_ITEM_CLCD": "전산능력",
      "SEQNO": 1,
      "RESUME_ITEM_1_CD": "3",
      "DS_RESUME_ITEM_1_CD": "문서작성",
      "ETC_ITEM_CONT": "기타 컴퓨터 활용능력"
    },
    {
      "TMPL_SEQNO": 2,
      "RESUME_TITLE": "OOO님의 이력서입니다.",
      "BASIC_RESUME_YN": "N",
      "RESUME_ITEM_CLCD": "8",
      "DS_RESUME_ITEM_CLCD": "외국어능력",
      "SEQNO": 2,
      "RESUME_ITEM_1_CD": "07",
      "DS_RESUME_ITEM_1_CD": "베트남어",
      "RESUME_ITEM_2_CD": "7",
      "DS_RESUME_ITEM_2_CD": "TOEFL",
      "RESUME_ITEM_1_VAL": "2급",
      "HIST_STDT": "20201108",
      "HIST_ITEM_GRDCD": "1",
      "DS_HIST_ITEM_GRDCD": "상"
    },
    {
      "TMPL_SEQNO": 2,
      "RESUME_TITLE": "OOO님의 이력서입니다.",
      "BASIC_RESUME_YN": "N",
      "RESUME_ITEM_CLCD": "5",
      "DS_RESUME_ITEM_CLCD": "해외연수",
      "SEQNO": 3,
      "RESUME_ITEM_1_CD": "00000000",
      "RESUME_ITEM_2_CD": "71",
      "DS_RESUME_ITEM_2_CD": "해외연수",
      "RESUME_ITEM_1_NM": "해외인턴",
      "RESUME_ITEM_2_NM": "문화교류 프로그램 참여",
      "RESUME_ITEM_3_NM": "캐나다",
      "HIST_STDT": "20210612",
      "HIST_ENDT": "20210801",
      "ETC_ITEM_CONT": "기타내용"
    },
    {
      "TMPL_SEQNO": 2,
      "RESUME_TITLE": "OOO님의 이력서입니다.",
      "BASIC_RESUME_YN": "N",
      "RESUME_ITEM_CLCD": "9",
      "DS_RESUME_ITEM_CLCD": "학력",
      "SEQNO": 4,
      "RESUME_ITEM_1_CD": "7",
      "DS_RESUME_ITEM_1_CD": "고등학교",
      "RESUME_ITEM_2_CD": "207726",
      "DS_RESUME_ITEM_2_CD": "전기전자공학",
      "RESUME_ITEM_3_CD": "116165",
      "DS_RESUME_ITEM_3_CD": "통계학",
      "RESUME_ITEM_4_CD": "48",
      "DS_RESUME_ITEM_4_CD": "졸업예정",
      "RESUME_ITEM_1_NM": "OO전문대",
      "RESUME_ITEM_2_NM": "디자인",
      "RESUME_ITEM_3_NM": "디자인",
      "HIST_STDT": "20150629",
      "HIST_ENDT": "20160124",
      "ETC_ITEM_CONT": "학점 / 총점"
    },
    {
      "TMPL_SEQNO": 2,
      "RESUME_TITLE": "OOO님의 이력서입니다.",
      "BASIC_RESUME_YN": "N",
      "RESUME_ITEM_CLCD": "12",
      "DS_RESUME_ITEM_CLCD": "참여프로젝트",
      "SEQNO": 5,
      "RESUME_ITEM_1_CD": "00000000",
      "RESUME_ITEM_1_NM": "데이터 파이프라인 구축",
      "RESUME_ITEM_2_NM": "데이터 수집/정제",
      "RESUME_ITEM_3_NM": "공공기관",
      "HIST_STDT": "20171019",
      "HIST_ENDT": "20180125",
      "ETC_ITEM_CONT": "주요 업무 및 성과"
    },
    {
      "TMPL_SEQNO": 2,
      "RESUME_TITLE": "OOO님의 이력서입니다.",
      "BASIC_RESUME_YN": "N",
      "RESUME_ITEM_CLCD": "4",
      "DS_RESUME_ITEM_CLCD": "개인경력",
      "SEQNO": 6,
      "RESUME_ITEM_1_CD": "00000000",
      "RESUME_ITEM_2_CD": "N",
      "RESUME_ITEM_4_CD": "N",
      "RESUME_ITEM_1_NM": "OO회사",
      "RESUME_ITEM_2_NM": "검사/포장",
      "RESUME_ITEM_3_NM": "대리",
      "HIST_STDT": "20160109",
      "HIST_ENDT": "20160829",
      "ETC_ITEM_CONT": "기타사항",
      "CAREER_MMCNT": "12",
      "COMP_NM_OPEN_YN": "Y",
      "JSCD": "391310",
      "SLRY_AMT": "500",
      "EMMD_OCCP_CL_YEAR": "2024"
    },
    {
      "TMPL_SEQNO": 3,
      "RESUME_TITLE": "OOO님의 이력서입니다.",
      "BASIC_RESUME_YN": "N",
      "RESUME_ITEM_CLCD": "2",
      "DS_RESUME_ITEM_CLCD": "훈련",
      "SEQNO": 1,
      "RESUME_ITEM_1_CD": "00000000",
      "RESUME_ITEM_2_CD": "N",
      "RESUME_ITEM_1_NM": "폴리텍대학",
      "RESUME_ITEM_2_NM": "캐드 기초 과정 수료",
      "RESUME_ITEM_5_NM": "훈련과정"
    },
    {
      "TMPL_SEQNO": 3,
      "RESUME_TITLE": "OOO님의 이력서입니다.",
      "BASIC_RESUME_YN": "N",
      "RESUME_ITEM_CLCD": "7",
      "DS_RESUME_ITEM_CLCD": "전산능력",
      "SEQNO": 2,
      "RESUME_ITEM_1_CD": "4",
      "DS_RESUME_ITEM_1_CD": "영상편집",
      "ETC_ITEM_CONT": "기타 컴퓨터 활용능력"
    },
    {
      "TMPL_SEQNO": 3,
      "RESUME_TITLE": "OOO님의 이력서입니다.",
      "BASIC_RESUME_YN": "N",
      "RESUME_ITEM_CLCD": "6",
      "DS_RESUME_ITEM_CLCD": "수상경력",
      "SEQNO": 3,
      "RESUME_ITEM_1_CD": "00000000",
      "RESUME_ITEM_2_CD": "2",
      "RESUME_ITEM_1_NM": "모범상",
      "RESUME_ITEM_2_NM": "OO협회",
      "HIST_STDT": "20220516",
      "ETC_ITEM_CONT": "주요활동"
    },
    {
      "TMPL_SEQNO": 3,
      "RESUME_TITLE": "OOO님의 이력서입니다.",
      "BASIC_RESUME_YN": "N",
      "RESUME_ITEM_CLCD": "12",
      "DS_RESUME_ITEM_CLCD": "참여프로젝트",
      "SEQNO": 4,
      "RESUME_ITEM_1_CD": "00000000",
      "RESUME_ITEM_1_NM": "플랫폼 구축 및 실증",
      "RESUME_ITEM_2_NM": "프론트엔드 개발",
      "RESUME_ITEM_3_NM": "지방자치단체",
      "HIST_STDT": "20150615",
      "HIST_ENDT": "20160302",
      "ETC_ITEM_CONT": "주요 업무 및 성과"
    },
    {
      "TMPL_SEQNO": 3,
      "RESUME_TITLE": "OOO님의 이력서입니다.",
      "BASIC_RESUME_YN": "N",
      "RESUME_ITEM_CLCD": "8",
      "DS_RESUME_ITEM_CLCD": "외국어능력",
      "SEQNO": 5,
      "RESUME_ITEM_1_CD": "11",
      "DS_RESUME_ITEM_1_CD": "일본어",
      "RESUME_ITEM_2_CD": "3",
      "DS_RESUME_ITEM_2_CD": "TestDaF",
      "RESUME_ITEM_1_VAL": "4급",
      "HIST_STDT": "20190913",
      "HIST_ITEM_GRDCD": "1",
      "DS_HIST_ITEM_GRDCD": "상"
    },
    {
      "TMPL_SEQNO": 3,
      "RESUME_TITLE": "OOO님의 이력서입니다.",
      "BASIC_RESUME_YN": "N",
      "RESUME_ITEM_CLCD": "5",
      "DS_RESUME_ITEM_CLCD": "해외연수",
      "SEQNO": 6,
      "RESUME_ITEM_1_CD": "00000000",
      "RESUME_ITEM_2_CD": "66",
      "DS_RESUME_ITEM_2_CD": "워킹홀리데이",
      "RESUME_ITEM_1_NM": "워킹홀리데이",
      "RESUME_ITEM_2_NM": "문화교류 프로그램 참여",
      "RESUME_ITEM_3_NM": "독일",
      "HIST_STDT": "20160419",
      "HIST_ENDT": "20160619",
      "ETC_ITEM_CONT": "기타내용"
    }
  ]
}