{
  "SEEK_CUST_NO": "4704103833919",
  "CONTENTS": [
    {
      "TMPL_SEQNO": 1,
      "RESUME_TITLE": "OOO님의 이력서입니다.",
      "BASIC_RESUME_YN": "Y",
      "RESUME_ITEM_CLCD": "7",
      "DS_RESUME_ITEM_CLCD": "전산능력",
      "SEQNO": 1,
      "RESUME_ITEM_1_CD": "4",
      "DS_RESUME_ITEM_1_CD": "영상편집",
      "ETC_ITEM_CONT": "기타 컴퓨터 활용능력"
    },
    {
      "TMPL_SEQNO": 1,
      "RESUME_TITLE": "OOO님의 이력서입니다.",
      "BASIC_RESUME_YN": "Y",
      "RESUME_ITEM_CLCD": "8",
      "DS_RESUME_ITEM_CLCD": "외국어능력",
      "SEQNO": 2,
      "RESUME_ITEM_1_CD": "01",
      "DS_RESUME_ITEM_1_CD": "러시아어",
      "RESUME_ITEM_2_CD": "3",
      "DS_RESUME_ITEM_2_CD": "TestDaF",
      "RESUME_ITEM_1_VAL": "1급",
      "HIST_STDT": "20220812",
      "HIST_ITEM_GRDCD": "1",
      "DS_HIST_ITEM_GRDCD": "상"
    },
    {
      "TMPL_SEQNO": 1,
      "RESUME_TITLE": "OOO님의 이력서입니다.",
      "BASIC_RESUME_YN": "Y",
      "RESUME_ITEM_CLCD": "5",
      "DS_RESUME_ITEM_CLCD": "해외연수",
      "SEQNO": 3,
      "RESUME_ITEM_1_CD": "00000000",
      "RESUME_ITEM_2_CD": "66",
      "DS_RESUME_ITEM_2_CD": "워킹홀리데이",
      "RESUME_ITEM_1_NM": "교환학생",
      "RESUME_ITEM_2_NM": "문화교류 프로그램 참여",
      "RESUME_ITEM_3_NM": "미국",
      "HIST_STDT": "20220517",
      "HIST_ENDT": "20221109",
      "ETC_ITEM_CONT": "기타내용"
    },
    {
      "TMPL_SEQNO": 1,
      "RESUME_TITLE": "OOO님의 이력서입니다.",
      "BASIC_RESUME_YN": "Y",
      "RESUME_ITEM_CLCD": "2",
      "DS_RESUME_ITEM_CLCD": "훈련",
      "SEQNO": 4,
      "RESUME_ITEM_1_CD": "00000000",
      "RESUME_ITEM_2_CD": "N",
      "RESUME_ITEM_1_NM": "폴리텍대학",
      "RESUME_ITEM_2_NM": "ERP 실습",
      "RESUME_ITEM_5_NM": "훈련과정"
    },
    {
      "TMPL_SEQNO": 1,
      "RESUME_TITLE": "OOO님의 이력서입니다.",
      "BASIC_RESUME_YN": "Y",
      "RESUME_ITEM_CLCD": "4",
      "DS_RESUME_ITEM_CLCD": "개인경력",
      "SEQNO": 5,
      "RESUME_ITEM_1_CD": "00000000",
      "RESUME_ITEM_2_CD": "N",
      "RESUME_ITEM_4_CD": "Y",
      "RESUME_ITEM_1_NM": "OO테크",
      "RESUME_ITEM_2_NM": "고객지원",
      "RESUME_ITEM_3_NM": "주임",
      "HIST_STDT": "20240604",
      "HIST_ENDT": "20241025",
      "ETC_ITEM_CONT": "기타사항",
      "CAREER_MMCNT": "4",
      "COMP_NM_OPEN_YN": "Y",
      "JSCD": "196053",
      "SLRY_AMT": "100",
      "EMMD_OCCP_CL_YEAR": "2023"
    },
    {
      "TMPL_SEQNO": 1,
      "RESUME_TITLE": "OOO님의 이력서입니다.",
      "BASIC_RESUME_YN": "Y",
      "RESUME_ITEM_CLCD": "9",
      "DS_RESUME_ITEM_CLCD": "학력",
      "SEQNO": 6,
      "RESUME_ITEM_1_CD": "1",
      "DS_RESUME_ITEM_1_CD": "대학교(4년제)",
      "RESUME_ITEM_2_CD": "121702",
      "DS_RESUME_ITEM_2_CD": "국문학",
      "RESUME_ITEM_3_CD": "033959",
      "DS_RESUME_ITEM_3_CD": "심리학",
      "RESUME_ITEM_4_CD": "12",
      "DS_RESUME_ITEM_4_CD": "졸업",
      "RESUME_ITEM_1_NM": "OO대학교",
      "RESUME_ITEM_2_NM": "통계학",
      "RESUME_ITEM_3_NM": "기계공학",
      "HIST_STDT": "20221206",
      "HIST_ENDT": "20230803",
      "ETC_ITEM_CONT": "학점 / 총점"
    }
  ]
}