{
  "SEEK_CUST_NO": "8541683056427",
  "CONTENTS": [
    {
      "TMPL_SEQNO": 1,
      "RESUME_TITLE": "OOO님의 이력서입니다.",
      "BASIC_RESUME_YN": "Y",
      "RESUME_ITEM_CLCD": "6",
      "DS_RESUME_ITEM_CLCD": "수상경력",
      "SEQNO": 1,
      "RESUME_ITEM_1_CD": "00000000",
      "RESUME_ITEM_2_CD": "3",
      "RESUME_ITEM_1_NM": "모범상",
      "RESUME_ITEM_2_NM": "OO기관",
      "HIST_STDT": "20220804",
      "ETC_ITEM_CONT": "주요활동"
    },
    {
      "TMPL_SEQNO": 1,
      "RESUME_TITLE": "OOO님의 이력서입니다.",
      "BASIC_RESUME_YN": "Y",
      "RESUME_ITEM_CLCD": "3",
      "DS_RESUME_ITEM_CLCD": "논문",
      "SEQNO": 2,
      "RESUME_ITEM_1_CD": "00000000",
      "RESUME_ITEM_2_CD": "3",
      "RESUME_ITEM_1_NM": "머신러닝 기반 수요예측",
      "RESUME_ITEM_2_NM": "OO대학원",
      "RESUME_ITEM_3_NM": "재직자의 특성 분석 관련 내용",
      "HIST_STDT": "20150323"
    },
    {
      "TMPL_SEQNO": 1,
      "RESUME_TITLE": "OOO님의 이력서입니다.",
      "BASIC_RESUME_YN": "Y",
      "RESUME_ITEM_CLCD": "5",
      "DS_RESUME_ITEM_CLCD": "해외연수",
      "SEQNO": 3,
      "RESUME_ITEM_1_CD": "00000000",
      "RESUME_ITEM_2_CD": "25",
      "DS_RESUME_ITEM_2_CD": "해외인턴",
      "RESUME_ITEM_1_NM": "교환학생",
      "RESUME_ITEM_2_NM": "어학습득",
      "RESUME_ITEM_3_NM": "호주",
      "HIST_STDT": "20150823",
      "HIST_ENDT": "20160729",
      "ETC_ITEM_CONT": "기타내용"
    },
    {
      "TMPL_SEQNO": 1,
      "RESUME_TITLE": "OOO님의 이력서입니다.",
      "BASIC_RESUME_YN": "Y",
      "RESUME_ITEM_CLCD": "4",
      "DS_RESUME_ITEM_CLCD": "개인경력",
      "SEQNO": 4,
      "RESUME_ITEM_1_CD": "00000000",
      "RESUME_ITEM_2_CD": "Y",
      "RESUME_ITEM_4_CD": "N",
      "RESUME_ITEM_1_NM": "OO테크",
      "RESUME_ITEM_2_NM": "검사/포장",
      "RESUME_ITEM_3_NM": "사원",
      "HIST_STDT": "20220116",
      "HIST_ENDT": "20220303",
      "ETC_ITEM_CONT": "기타사항",
      "CAREER_MMCNT": "2",
      "COMP_NM_OPEN_YN": "Y",
      "JSCD": "022902",
      "SLRY_AMT": "100",
      "EMMD_OCCP_CL_YEAR": "2023"
    },
    {
      "TMPL_SEQNO": 1,
      "RESUME_TITLE": "OOO님의 이력서입니다.",
      "BASIC_RESUME_YN": "Y",
      "RESUME_ITEM_CLCD": "7",
      "DS_RESUME_ITEM_CLCD": "전산능력",
      "SEQNO": 5,
      "RESUME_ITEM_1_CD": "3",
      "DS_RESUME_ITEM_1_CD": "문서작성",
      "ETC_ITEM_CONT": "기타 컴퓨터 활용능력"
    }
  ]
}