{
  "SEEK_CUST_NO": "9674993893432",
  "CONTENTS": [
    {
      "TMPL_SEQNO": 1,
      "RESUME_TITLE": "OOO님의 이력서입니다.",
      "BASIC_RESUME_YN": "Y",
      "RESUME_ITEM_CLCD": "8",
      "DS_RESUME_ITEM_CLCD": "외국어능력",
      "SEQNO": 1,
      "RESUME_ITEM_1_CD": "09",
      "DS_RESUME_ITEM_1_CD": "이탈리아어",
      "RESUME_ITEM_2_CD": "3",
      "DS_RESUME_ITEM_2_CD": "TestDaF",
      "RESUME_ITEM_1_VAL": "5급",
      "HIST_STDT": "20161229",
      "HIST_ITEM_GRDCD": "1",
      "DS_HIST_ITEM_GRDCD": "상"
    },
    {
      "TMPL_SEQNO": 1,
      "RESUME_TITLE": "OOO님의 이력서입니다.",
      "BASIC_RESUME_YN": "Y",
      "RESUME_ITEM_CLCD": "7",
      "DS_RESUME_ITEM_CLCD": "전산능력",
      "SEQNO": 2,
      "RESUME_ITEM_1_CD": "9",
      "DS_RESUME_ITEM_1_CD": "고급프로그램활용",
      "ETC_ITEM_CONT": "기타 컴퓨터 활용능력"
    },
    {
      "TMPL_SEQNO": 1,
      "RESUME_TITLE": "OOO님의 이력서입니다.",
      "BASIC_RESUME_YN": "Y",
      "RESUME_ITEM_CLCD": "11",
      "DS_RESUME_ITEM_CLCD": "직업훈련",
      "SEQNO": 3
    },
    {
      "TMPL_SEQNO": 1,
      "RESUME_TITLE": "OOO님의 이력서입니다.",
      "BASIC_RESUME_YN": "Y",
      "RESUME_ITEM_CLCD": "4",
      "DS_RESUME_ITEM_CLCD": "개인경력",
      "SEQNO": 4,
      "RESUME_ITEM_1_CD": "00000000",
      "RESUME_ITEM_2_CD": "Y",
      "RESUME_ITEM_4_CD": "Y",
      "RESUME_ITEM_1_NM": "OO회사",
      "RESUME_ITEM_2_NM": "검사/포장",
      "RESUME_ITEM_3_NM": "인턴",
      "HIST_STDT": "20220514",
      "HIST_ENDT": "20221003",
      "ETC_ITEM_CONT": "기타사항",
      "CAREER_MMCNT": "9",
      "COMP_NM_OPEN_YN": "N",
      "JSCD": "395966",
      "SLRY_AMT": "700",
      "EMMD_OCCP_CL_YEAR": "2024"
    },
    {
      "TMPL_SEQNO": 1,
      "RESUME_TITLE": "OOO님의 이력서입니다.",
      "BASIC_RESUME_YN": "Y",
      "RESUME_ITEM_CLCD": "9",
      "DS_RESUME_ITEM_CLCD": "학력",
      "SEQNO": 5,
      "RESUME_ITEM_1_CD": "7",
      "DS_RESUME_ITEM_1_CD": "고등학교",
      "RESUME_ITEM_2_CD": "116165",
      "DS_RESUME_ITEM_2_CD": "통계학",
      "RESUME_ITEM_3_CD": "218289",
      "DS_RESUME_ITEM_3_CD": "기계공학",
      "RESUME_ITEM_4_CD": "18",
      "DS_RESUME_ITEM_4_CD": "재학",
      "RESUME_ITEM_1_NM": "OO대학교",
      "RESUME_ITEM_2_NM": "심리학",
      "RESUME_ITEM_3_NM": "통계학",
      "HIST_STDT": "20220529",
      "HIST_ENDT": "20220818",
      "ETC_ITEM_CONT": "학점 / 총점"
    },
    {
      "TMPL_SEQNO": 1,
      "RESUME_TITLE": "OOO님의 이력서입니다.",
      "BASIC_RESUME_YN": "Y",
      "RESUME_ITEM_CLCD": "5",
      "DS_RESUME_ITEM_CLCD": "해외연수",
      "SEQNO": 6,
      "RESUME_ITEM_1_CD": "00000000",
      "RESUME_ITEM_2_CD": "71",
      "DS_RESUME_ITEM_2_CD": "해외연수",
      "RESUME_ITEM_1_NM": "해외연수",
      "RESUME_ITEM_2_NM": "문화교류 프로그램 참여",
      "RESUME_ITEM_3_NM": "호주",
      "HIST_STDT": "20220512",
      "HIST_ENDT": "20230110",
      "ETC_ITEM_CONT": "기타내용"
    }
  ]
}