{
  "SEEK_CUST_NO": "4670783374970",
  "CONTENTS": [
    {
      "TMPL_SEQNO": 1,
      "RESUME_TITLE": "OOO님의 이력서입니다.",
      "BASIC_RESUME_YN": "Y",
      "RESUME_ITEM_CLCD": "9",
      "DS_RESUME_ITEM_CLCD": "학력",
      "SEQNO": 1,
      "RESUME_ITEM_1_CD": "7",
      "DS_RESUME_ITEM_1_CD": "고등학교",
      "RESUME_ITEM_2_CD": "127900",
      "DS_RESUME_ITEM_2_CD": "산업공학",
      "RESUME_ITEM_3_CD": "635235",
      "DS_RESUME_ITEM_3_CD": "디자인",
      "RESUME_ITEM_4_CD": "18",
      "DS_RESUME_ITEM_4_CD": "재학",
      "RESUME_ITEM_1_NM": "OO고등학교",
      "RESUME_ITEM_2_NM": "경영학",
      "RESUME_ITEM_3_NM": "전기전자공학",
      "HIST_STDT": "20161108",
      "HIST_ENDT": "20170925",
      "ETC_ITEM_CONT": "학점 / 총점"
    },
    {
      "TMPL_SEQNO": 1,
      "RESUME_TITLE": "OOO님의 이력서입니다.",
      "BASIC_RESUME_YN": "Y",
      "RESUME_ITEM_CLCD": "12",
      "DS_RESUME_ITEM_CLCD": "참여프로젝트",
      "SEQNO": 2,
      "RESUME_ITEM_1_CD": "00000000",
      "RESUME_ITEM_1_NM": "모바일 앱 개발",
      "RESUME_ITEM_2_NM": "프론트엔드 개발",
      "RESUME_ITEM_3_NM": "민간기업",
      "HIST_STDT": "20181224",
      "HIST_ENDT": "20190317",
      "ETC_ITEM_CONT": "주요 업무 및 성과"
    },
    {
      "TMPL_SEQNO": 1,
      "RESUME_TITLE": "OOO님의 이력서입니다.",
      "BASIC_RESUME_YN": "Y",
      "RESUME_ITEM_CLCD": "2",
      "DS_RESUME_ITEM_CLCD": "훈련",
      "SEQNO": 3,
      "RESUME_ITEM_1_CD": "00000000",
      "RESUME_ITEM_2_CD": "N",
      "RESUME_ITEM_1_NM": "폴리텍대학",
      "RESUME_ITEM_2_NM": "캐드 기초 과정 수료",
      "RESUME_ITEM_5_NM": "훈련과정"
    },
    {
      "TMPL_SEQNO": 1,
      "RESUME_TITLE": "OOO님의 이력서입니다.",
      "BASIC_RESUME_YN": "Y",
      "RESUME_ITEM_CLCD": "1",
      "DS_RESUME_ITEM_CLCD": "자격면허",
      "SEQNO": 4,
      "RESUME_ITEM_1_CD": "9357528",
      "DS_RESUME_ITEM_1_CD": "운전면허",
      "RESUME_ITEM_1_NM": "대한상공회의소",
      "HIST_STDT": "20180629",
      "ETC_ITEM_CONT": "자격증명"
    },
    {
      "TMPL_SEQNO": 1,
      "RESUME_TITLE": "OOO님의 이력서입니다.",
      "BASIC_RESUME_YN": "Y",
      "RESUME_ITEM_CLCD": "10",
      "DS_RESUME_ITEM_CLCD": "봉사활동",
      "SEQNO": 5,
      "RESUME_ITEM_1_CD": "00000000",
      "RESUME_ITEM_1_NM": "노인복지관 봉사",
      "RESUME_ITEM_2_NM": "OO파출소",
      "RESUME_ITEM_3_NM": "자원봉사",
      "HIST_STDT": "20170420",
      "HIST_ENDT": "20180214",
      "RESUME_ITEM_5_NM": "주요활동"
    },
    {
      "TMPL_SEQNO": 2,
      "RESUME_TITLE": "OOO님의 이력서입니다.",
      "BASIC_RESUME_YN": "N",
      "RESUME_ITEM_CLCD": "5",
      "DS_RESUME_ITEM_CLCD": "해외연수",
      "SEQNO": 1,
      "RESUME_ITEM_1_CD": "00000000",
      "RESUME_ITEM_2_CD": "25",
      "DS_RESUME_ITEM_2_CD": "해외인턴",
      "RESUME_ITEM_1_NM": "워킹홀리데이",
      "RESUME_ITEM_2_NM": "어학습득",
      "RESUME_ITEM_3_NM": "독일",
      "HIST_STDT": "20210310",
      "HIST_ENDT": "20220310",
      "ETC_ITEM_CONT": "기타내용"
    },
    {
      "TMPL_SEQNO": 2,
      "RESUME_TITLE": "OOO님의 이력서입니다.",
      "BASIC_RESUME_YN": "N",
      "RESUME_ITEM_CLCD": "4",
      "DS_RESUME_ITEM_CLCD": "개인경력",
      "SEQNO": 2,
      "RESUME_ITEM_1_CD": "00000000",
      "RESUME_ITEM_2_CD": "Y",
      "RESUME_ITEM_4_CD": "N",
      "RESUME_ITEM_1_NM": "OO회사",
      "RESUME_ITEM_2_NM": "생산관리",
      "RESUME_ITEM_3_NM": "사원",
      "HIST_STDT": "20180110",
      "HIST_ENDT": "20180602",
      "ETC_ITEM_CONT": "기타사항",
      "CAREER_MMCNT": "1",
      "COMP_NM_OPEN_YN": "N",
      "JSCD": "160713",
      "SLRY_AMT": "400",
      "EMMD_OCCP_CL_YEAR": "2023"
    },
    {
      "TMPL_SEQNO": 2,
      "RESUME_TITLE": "OOO님의 이력서입니다.",
      "BASIC_RESUME_YN": "N",
      "RESUME_ITEM_CLCD": "2",
      "DS_RESUME_ITEM_CLCD": "훈련",
      "SEQNO": 3,
      "RESUME_ITEM_1_CD": "00000000",
      "RESUME_ITEM_2_CD": "Y",
      "RESUME_ITEM_1_NM": "민간훈련기관",
      "RESUME_ITEM_2_NM": "ERP 실습",
      "RESUME_ITEM_5_NM": "훈련과정"
    },
    {
      "TMPL_SEQNO": 2,
      "RESUME_TITLE": "OOO님의 이력서입니다.",
      "BASIC_RESUME_YN": "N",
      "RESUME_ITEM_CLCD": "10",
      "DS_RESUME_ITEM_CLCD": "봉사활동",
      "SEQNO": 4,
      "RESUME_ITEM_1_CD": "00000000",
      "RESUME_ITEM_1_NM": "노인복지관 봉사",
      "RESUME_ITEM_2_NM": "OO복지관",
      "RESUME_ITEM_3_NM": "동아리/교내활동",
      "HIST_STDT": "20170421",
      "HIST_ENDT": "20170618",
      "RESUME_ITEM_5_NM": "주요활동"
    }
  ]
}