{
  "SEEK_CUST_NO": "3222845903533",
  "CONTENTS": [
    {
      "TMPL_SEQNO": 1,
      "RESUME_TITLE": "OOO님의 이력서입니다.",
      "BASIC_RESUME_YN": "Y",
      "RESUME_ITEM_CLCD": "2",
      "DS_RESUME_ITEM_CLCD": "훈련",
      "SEQNO": 1,
      "RESUME_ITEM_1_CD": "00000000",
      "RESUME_ITEM_2_CD": "Y",
      "RESUME_ITEM_1_NM": "직업전문학교",
      "RESUME_ITEM_2_NM": "응용SW 실무 프로젝트",
      "RESUME_ITEM_5_NM": "훈련과정"
    },
    {
      "TMPL_SEQNO": 1,
      "RESUME_TITLE": "OOO님의 이력서입니다.",
      "BASIC_RESUME_YN": "Y",
      "RESUME_ITEM_CLCD": "12",
      "DS_RESUME_ITEM_CLCD": "참여프로젝트",
      "SEQNO": 2,
      "RESUME_ITEM_1_CD": "00000000",
      "RESUME_ITEM_1_NM": "모바일 앱 개발",
      "RESUME_ITEM_2_NM": "백엔드 개발",
      "RESUME_ITEM_3_NM": "민간기업",
      "HIST_STDT": "20240905",
      "HIST_ENDT": "20250521",
      "ETC_ITEM_CONT": "주요 업무 및 성과"
    },
    {
      "TMPL_SEQNO": 1,
      "RESUME_TITLE": "OOO님의 이력서입니다.",
      "BASIC_RESUME_YN": "Y",
      "RESUME_ITEM_CLCD": "7",
      "DS_RESUME_ITEM_CLCD": "전산능력",
      "SEQNO": 3,
      "RESUME_ITEM_1_CD": "4",
      "DS_RESUME_ITEM_1_CD": "영상편집",
      "ETC_ITEM_CONT": "기타 컴퓨터 활용능력"
    },
    {
      "TMPL_SEQNO": 2,
      "RESUME_TITLE": "OOO님의 이력서입니다.",
      "BASIC_RESUME_YN": "N",
      "RESUME_ITEM_CLCD": "4",
      "DS_RESUME_ITEM_CLCD": "개인경력",
      "SEQNO": 1,
      "RESUME_ITEM_1_CD": "00000000",
      "RESUME_ITEM_2_CD": "Y",
      "RESUME_ITEM_4_CD": "Y",
      "RESUME_ITEM_1_NM": "OO기업",
      "RESUME_ITEM_2_NM": "생산관리",
      "RESUME_ITEM_3_NM": "사원",
      "HIST_STDT": "20150302",
      "HIST_ENDT": "20151120",
      "ETC_ITEM_CONT": "기타사항",
      "CAREER_MMCNT": "3",
      "COMP_NM_OPEN_YN": "N",
      "JSCD": "409197",
      "SLRY_AMT": "500",
      "EMMD_OCCP_CL_YEAR": "2024"
    },
    {
      "TMPL_SEQNO": 2,
      "RESUME_TITLE": "OOO님의 이력서입니다.",
      "BASIC_RESUME_YN": "N",
      "RESUME_ITEM_CLCD": "10",
      "DS_RESUME_ITEM_CLCD": "봉사활동",
      "SEQNO": 2,
      "RESUME_ITEM_1_CD": "00000000",
      "RESUME_ITEM_1_NM": "환경정화 활동",
      "RESUME_ITEM_2_NM": "OO재단",
      "RESUME_ITEM_3_NM": "동아리/교내활동",
      "HIST_STDT": "20250424",
      "HIST_ENDT": "20251231",
      "RESUME_ITEM_5_NM": "주요활동"
    },
    {
      "TMPL_SEQNO": 2,
      "RESUME_TITLE": "OOO님의 이력서입니다.",
      "BASIC_RESUME_YN": "N",
      "RESUME_ITEM_CLCD": "1",
      "DS_RESUME_ITEM_CLCD": "자격면허",
      "SEQNO": 3,
      "RESUME_ITEM_1_CD": "1387512",
      "DS_RESUME_ITEM_1_CD": "컴퓨터자격증",
      "RESUME_ITEM_1_NM": "대한상공회의소",
      "HIST_STDT": "20200501",
      "ETC_ITEM_CONT": "자격증명"
    },
    {
      "TMPL_SEQNO": 2,
      "RESUME_TITLE": "OOO님의 이력서입니다.",
      "BASIC_RESUME_YN": "N",
      "RESUME_ITEM_CLCD": "7",
      "DS_RESUME_ITEM_CLCD": "전산능력",
      "SEQNO": 4,
      "RESUME_ITEM_1_CD": "4",
      "DS_RESUME_ITEM_1_CD": "영상편집",
      "ETC_ITEM_CONT": "기타 컴퓨터 활용능력"
    }
  ]
}