CLOS_YM, JHNT_MBN     , JHNT_CTN     , JHCR_DE   , JHNT_CLOS_DE, FRFT_AFTR_JHNT_REQR_DYCT, JHNT_RQUT_CHNL_SECD, INFO_OTPB_GRAD_CD, MDTN_HOPE_GRD_CD, IDIF_AOFR_YN, EMAIL_RCYN, EMPL_STLE_CD               , DSPT_LABR_YN, COMM_WAGE_TYCD, HOPE_WAGE_SM_AMT, AFIV_RDJT_PSBL_YN, HOPE_JSCD1, HOPE_JSCD2, HOPE_JSCD3, HPAR_CD1, HPAR_CD2, HPAR_CD3, CYC1, CARR_MYCT1, CYC2, CARR_MYCT2, CYC3, CARR_MYCT3, ACCR_STCD, ACCR_CD       , DRV_PSBL_YN, AGE, SAEIL_CNTC_AGRE_YN, SHRS_IDIF_AOFR_YN, SULC_IDIF_AOFR_YN, IDIF_IQRY_AGRE_YN, DLY_LABR_HOPE_YN, RQAG_HOPE_YN, SHSY_YN, MDTN_HOPE_YN, JHNT_PPOS_CD, SXDS_CD, SMS_RCYN, EMAIL_OTPB_YN, MPNO_OTPB_YN, MAJR_CD1, BFR_WTM6_JHCR_CT, BFR_UEPS_RECP_CT, UEPS_RECP_YN, BFR_EJAP_CT, SFID_WRTN_AFTR_ELPS_DYCT, SFID_IEM_NUM, SFID_LTTR_NUM, BFR_PSIS_ELPS_DYCT, BFR_RLTY_SNSC, BFR_IVTG_SNSC, BFR_ARTY_SNSC, BFR_SCTY_SNSC, BFR_EPTY_SNSC, BFR_CSTP_SNSC, BFR_INTS_CD2, AREA_CD, HPAR_CSCY_SCOR, BFR_OCTR_YN, BFR_OCTR_CT, KECO_CD1, OCTR_HOPE_JSFC_CSCY_SCOR1, OCTR_HOPE_JSFC_CSCY_SCOR2, IPS_IRDS_NMPR, JBHT_NMPR, RCIT_NMPR, JO_DRNG_RATE, AVG_OTIO_MYAV_RMNT_AMT, AVG_HOPE_WAGE_SM_AMT, CRQF_CT, ETL_DT             , MAKE_DT            , ACQ_180_YN, ACQ_DT             , MATCH_L_YN, MATCH_M_YN, MATCH_S_YN, LAST_JSCD, EMPN_DE   , LAST_FRFT_DE
2022-07,3029086502262,7067002474198,52,52,9,2,1,1,1,1,1,1,0,99,0,242,509,585,36020,68843,98823,99,70,65,84,77,21,2,1,1,15,1,0,0,0,0,0,0,1,1,0,0,1,0,237,94,93,12,89,191,2,66,301,76,6,30,69,98,97,1,86480,1,0,28,6429,2,0,6,27,59,0.109,39,11,47,93,15,1,63,0,1,0,916,85,1
2025-09,9101760495288,8286707432733,54,20,68,2,0,1,0,1,0,0,1,81,1,201,308,912,73245,69435,13745,94,82,44,75,89,86,0,1,1,48,1,1,0,0,0,0,0,0,1,0,1,1,0,817,29,20,17,70,279,83,14,71,7,34,73,21,76,56,1,26975,0,0,11,8153,0,1,39,65,48,0.383,65,35,79,84,49,1,46,1,0,0,808,97,2
2025-09,3905225049524,5835541269706,39,87,47,2,0,0,0,1,0,0,0,56,0,561,688,152,13274,53756,17254,4,63,13,64,2,29,2,0,1,77,0,1,1,1,1,0,1,1,2,1,1,0,0,878,69,89,30,64,362,3,6,333,93,76,20,70,81,1,0,97640,0,1,43,3129,1,1,7,71,6,0.849,62,49,32,56,70,1,66,1,0,0,495,79,14
2022-03,3966103307650,7171580824320,95,72,84,0,0,0,1,1,1,1,1,16,0,164,525,531,17379,12003,61918,83,61,66,4,14,41,2,2,1,90,0,1,1,1,0,1,1,1,0,1,0,0,1,498,61,97,63,55,27,6,37,45,11,44,96,83,37,8,0,31794,1,0,88,4771,1,0,11,5,2,0.438,78,44,80,61,35,0,51,1,1,1,857,72,18
2025-06,7418294557610,1901091971474,21,42,87,1,0,0,1,0,0,1,0,37,1,632,364,577,95408,46938,49694,96,32,68,74,21,55,0,2,0,39,1,0,0,0,0,0,0,1,0,1,0,0,0,271,52,21,94,33,301,56,83,238,28,0,44,88,97,18,0,65447,0,0,26,1038,1,1,49,24,90,0.693,40,51,41,54,44,0,81,1,1,1,235,96,68
2024-10,7780841496982,3734886509281,47,38,78,0,1,0,0,0,2,1,0,1,0,569,526,968,94456,93517,28583,9,42,67,22,90,43,2,1,0,74,0,0,0,0,1,1,1,0,0,0,1,1,0,335,25,48,3,52,2,87,52,304,85,6,58,69,84,55,0,48705,0,0,32,9148,2,0,84,41,24,0.681,13,73,38,83,21,0,23,1,1,0,514,68,48
2023-09,9719018214331,7227521460324,84,94,2,0,0,1,0,1,2,0,1,50,1,781,922,501,75900,16109,78826,47,86,35,82,48,95,1,2,1,95,1,0,0,1,1,1,0,1,1,0,1,0,0,514,32,46,47,62,53,49,77,153,5,94,64,63,4,67,1,94731,1,1,54,9272,2,1,31,80,85,0.387,85,29,27,69,67,1,41,1,1,1,648,11,17
2024-10,9597684514799,5261657241320,48,33,97,0,1,0,0,0,1,0,0,18,1,944,913,421,38004,13491,39046,23,90,97,46,26,1,0,2,1,49,0,0,0,0,0,1,0,1,2,1,1,0,0,528,76,82,58,41,257,86,27,70,54,2,82,99,96,40,1,45433,1,1,80,7126,0,0,89,57,75,0.547,70,65,18,22,2,0,48,0,1,1,651,61,36
2024-05,9379669513277,7358900728146,90,13,82,1,1,0,1,0,2,1,0,59,1,509,660,796,13911,88618,98235,15,99,58,39,65,88,0,1,0,50,1,1,0,0,0,0,1,0,1,0,0,1,1,749,35,19,34,50,130,96,27,352,69,46,53,41,8,41,1,79975,1,1,39,2142,0,1,52,29,29,0.711,66,66,78,66,23,0,94,0,1,0,357,74,15
2025-08,6736776246033,5021591824830,82,47,64,2,0,0,1,0,0,1,1,82,0,328,682,267,17283,91350,34076,45,78,32,56,0,61,0,0,0,37,1,0,0,1,0,1,1,1,1,1,0,1,0,478,42,71,40,74,243,17,52,329,78,95,25,10,25,58,0,97005,1,0,40,1416,1,2,43,46,60,0.24,24,65,63,76,74,1,9,1,0,1,917,94,31
2022-03,4599897178289,3828916232444,26,35,97,2,0,1,1,1,0,0,0,39,0,647,849,162,19738,16997,83126,20,88,6,4,41,7,2,1,1,3,1,1,1,0,1,1,0,1,1,0,0,0,1,504,93,88,49,6,52,44,57,228,43,51,37,3,55,22,0,64189,1,0,42,5014,1,1,71,97,45,0.422,3,49,13,37,3,1,85,1,1,0,848,41,19
2020-06,2262416409453,6902840898576,11,42,82,2,0,1,1,0,0,0,1,1,1,402,817,227,13974,19589,14592,33,95,91,77,62,46,0,2,1,68,1,1,0,0,1,0,1,0,1,1,0,1,0,433,46,37,23,35,69,92,43,228,86,0,34,75,92,42,1,49738,1,0,57,4034,2,0,29,44,51,0.701,35,27,90,89,41,0,64,0,1,1,674,89,19
2022-08,4481122855444,2673545598890,37,85,75,2,1,0,1,0,1,1,0,98,1,200,269,944,91012,94459,22224,88,30,58,12,7,9,0,2,1,34,1,1,1,1,1,1,1,0,1,0,1,1,0,167,81,34,78,43,242,35,100,170,54,90,64,12,0,74,0,43853,0,0,3,1379,0,0,90,49,35,0.444,75,52,80,92,63,0,83,1,0,1,356,91,45
2021-10,3836546898498,1519624275879,79,39,24,1,0,1,0,0,2,0,1,45,1,928,490,165,15597,76153,71802,51,53,2,41,13,13,2,0,0,64,1,1,0,1,0,0,1,1,0,1,1,0,0,498,74,3,50,21,118,95,64,154,92,59,70,99,59,69,0,50456,0,1,97,5672,1,0,15,100,69,0.723,22,85,94,40,40,1,14,0,0,0,421,92,46
2022-10,6500413597057,3970933942058,28,26,91,0,0,0,0,0,2,1,0,2,1,673,826,244,96902,44393,56796,44,41,31,43,37,40,0,1,1,86,0,1,1,0,0,0,0,1,2,0,0,0,0,209,75,42,96,60,33,55,5,192,40,15,18,0,97,62,1,46047,0,1,66,7026,1,0,4,19,53,0.027,74,35,91,21,83,1,96,1,0,0,428,55,0
2025-04,6021240702329,9707717771818,45,80,39,2,0,1,1,0,1,0,0,20,1,552,774,954,28770,86018,52501,70,27,35,10,84,78,0,1,1,39,1,1,0,1,1,1,1,0,0,0,0,1,1,486,40,44,52,37,30,66,11,164,70,15,36,59,53,8,0,22487,0,0,24,9130,0,0,76,8,5,0.806,59,64,23,24,55,1,22,1,1,0,273,50,5
2025-07,1987733344765,6077390690611,42,37,34,2,1,1,1,1,1,0,1,61,1,127,472,874,92164,44688,81107,72,61,10,97,47,79,0,0,0,0,0,0,1,1,1,1,1,0,2,1,1,1,0,315,91,30,62,85,339,21,49,317,53,20,56,18,53,17,1,24041,1,0,30,7869,1,2,24,19,36,0.985,69,57,70,2,9,1,38,1,0,0,116,42,23
2023-11,5322060932287,9391087740170,24,43,85,2,1,0,1,1,1,1,0,8,0,977,711,362,76961,43580,15265,98,56,58,16,91,89,0,0,1,32,0,1,0,0,0,1,0,0,1,1,1,1,0,589,53,26,5,36,11,6,32,226,58,83,7,7,56,20,1,91102,1,0,83,7072,0,2,12,90,50,0.459,31,90,83,81,37,1,4,1,1,1,416,36,80
2023-08,8541683056427,3468939975253,23,54,89,2,0,0,0,0,2,0,0,19,1,103,770,975,30328,40225,41772,22,7,73,64,22,21,2,2,1,84,0,0,1,1,0,0,1,0,0,0,1,0,1,503,79,24,94,7,74,26,87,229,85,11,15,15,51,49,0,82576,0,0,64,8237,2,1,85,46,85,0.598,61,52,19,20,90,0,12,0,0,1,837,1,50
2021-08,6920427734908,5077080223606,73,69,23,1,1,0,0,1,2,1,0,26,1,815,658,998,42197,32723,56034,59,65,7,83,68,21,0,2,0,73,0,1,1,0,1,1,0,1,2,1,0,0,0,682,26,62,23,82,191,59,81,195,31,77,25,59,5,39,1,79358,1,1,72,7050,1,0,68,73,54,0.617,2,8,53,71,31,0,10,1,0,0,388,44,70
2020-02,1543322092722,2973524363932,72,74,73,2,0,0,1,0,2,1,1,23,1,480,677,206,89328,37626,14812,63,47,16,10,78,18,2,2,0,59,0,0,0,0,0,1,1,1,2,0,0,1,1,287,81,100,38,71,185,76,45,240,91,62,24,5,18,65,0,94651,1,0,29,2204,0,2,84,71,10,0.739,30,31,66,74,0,1,29,0,0,1,459,34,87
2022-03,1760924925630,7901557868193,50,15,38,1,1,1,0,0,1,0,1,12,1,107,164,487,12587,52326,44263,5,19,40,42,14,70,0,1,0,78,0,1,0,1,0,1,0,0,1,1,0,1,0,244,32,16,26,94,160,27,54,338,60,53,89,39,17,33,1,58371,0,0,41,8315,1,0,0,31,48,0.887,1,61,88,65,6,1,3,1,1,1,651,32,79
2022-08,2506578535281,3474000636355,19,36,8,1,1,1,1,0,0,1,1,37,1,570,345,517,32132,52929,70757,49,13,21,94,49,38,0,2,1,1,1,0,1,1,0,1,1,1,0,0,1,1,0,368,28,71,44,1,182,56,89,201,45,48,61,1,55,65,0,34359,0,0,52,7856,1,1,70,91,99,0.261,60,35,79,4,10,0,74,0,1,1,177,21,74
2021-04,8426765040781,1297097998010,36,83,15,2,1,1,1,0,0,1,1,52,1,320,960,269,89987,33842,63289,38,42,51,86,30,90,0,0,1,59,0,1,0,1,0,1,0,0,0,0,0,1,0,699,76,53,57,48,95,77,56,109,2,57,56,79,87,36,1,69999,0,0,3,5178,1,0,70,3,66,0.687,49,26,25,78,7,0,21,0,0,0,788,29,13
2024-07,9900795874726,7306107088544,65,0,68,1,0,1,0,0,1,0,1,2,1,795,973,558,62028,27878,22902,75,16,53,37,45,42,2,2,0,30,1,0,0,0,0,1,0,0,2,0,0,0,1,873,6,71,39,78,252,11,78,60,91,60,31,77,43,81,0,12813,0,1,18,6612,2,0,80,92,10,0.354,80,0,87,63,57,1,84,0,1,0,338,69,84
2020-12,4704103833919,4440847857143,92,78,20,1,0,0,1,0,2,1,0,39,0,484,730,393,68065,63903,87052,35,11,33,16,58,32,0,0,1,59,1,0,0,0,1,0,1,1,2,0,0,0,1,238,91,14,89,90,182,75,44,121,31,86,48,41,66,62,0,76681,0,0,30,7579,2,2,60,100,30,0.713,51,56,59,45,8,1,5,1,0,0,682,38,67
2022-10,9899752410044,2933594053778,93,9,86,1,0,1,1,1,0,0,1,71,1,165,509,447,56622,63829,61242,28,78,64,12,30,37,2,2,0,67,0,1,1,0,1,0,0,0,2,0,0,0,0,503,63,93,18,89,326,53,48,248,52,15,24,14,5,36,1,60543,1,1,33,8538,0,1,0,5,28,0.609,78,71,15,19,77,1,95,0,0,1,323,43,54
2020-11,8691639434076,4709674473695,75,5,9,0,0,1,0,1,2,0,1,21,0,753,207,236,71308,99705,15709,67,88,65,61,1,9,2,1,0,17,1,0,0,0,0,1,1,1,1,0,0,1,1,581,55,84,26,49,180,21,49,280,78,94,17,40,32,41,1,87451,1,0,98,8052,2,0,7,22,3,0.379,4,81,43,48,4,1,45,1,0,1,248,64,38
2021-12,2422775213630,5048724048367,89,66,32,0,0,1,0,0,1,1,1,39,0,707,363,592,16096,51003,59554,56,88,67,63,72,66,2,0,1,42,1,1,1,1,0,0,1,0,2,1,0,1,1,279,39,81,20,86,132,99,5,45,17,70,0,45,39,71,1,74459,1,0,85,7413,1,2,37,60,28,0.832,77,88,39,94,53,0,13,0,0,1,584,48,55
2025-08,7720682205092,2649697356088,57,88,100,1,1,0,1,0,0,0,1,50,1,916,641,682,65902,96158,80917,14,90,43,3,52,95,0,1,1,6,1,1,1,1,0,0,1,1,2,1,0,0,0,587,49,3,85,48,208,37,56,186,86,54,3,86,9,4,1,30944,1,1,77,1460,1,1,12,27,63,0.918,1,60,100,0,29,1,62,1,1,1,893,62,73
2023-11,6439596597997,8107155036682,20,50,2,2,0,1,0,1,0,0,1,5,0,554,879,792,92553,15339,36194,84,18,59,62,10,96,1,1,0,61,0,1,1,1,1,1,0,0,1,0,1,0,1,910,33,30,47,21,266,35,34,3,96,97,60,76,46,92,1,58578,0,0,53,9606,0,2,9,50,66,0.938,22,40,15,77,5,0,71,0,1,0,606,84,75
2022-06,5978874550033,6249264389063,96,28,67,1,1,0,1,0,1,0,1,15,1,894,436,948,36861,49232,89562,4,50,43,42,89,35,1,0,1,90,0,0,1,1,1,1,0,0,0,1,0,0,0,375,39,0,99,6,363,11,42,61,70,12,24,49,13,78,1,73423,0,1,14,9143,0,1,39,54,40,0.406,27,79,85,1,33,0,92,1,1,0,547,27,66
2021-04,6949839399911,5816581245882,7,92,10,2,0,1,0,0,0,0,0,6,1,592,774,689,36210,13676,66257,55,24,96,31,91,47,0,0,1,92,0,0,1,1,1,0,0,1,2,0,0,0,1,890,82,97,81,74,73,79,53,19,16,64,67,65,95,12,0,20385,1,0,42,5374,1,0,77,79,87,0.189,78,33,55,32,97,1,76,0,0,0,466,18,53
2020-05,9833062517101,5847574868830,77,12,98,2,1,1,1,1,2,1,1,48,0,397,688,742,37303,69144,93405,59,78,50,20,25,80,0,1,0,60,0,0,0,0,0,0,1,0,2,0,1,1,1,797,83,41,9,47,334,38,84,18,97,19,39,68,34,56,0,94071,0,1,0,1070,1,1,23,26,0,0.499,30,24,36,67,80,1,68,0,0,0,706,14,85
2025-01,2715222836128,7834675824535,63,3,85,0,1,0,0,0,1,0,1,92,1,682,220,754,22918,65013,22649,63,23,92,94,12,42,2,1,1,47,1,1,1,0,0,1,1,0,2,1,1,0,1,811,2,40,7,96,178,8,91,209,90,75,85,24,32,3,1,85042,0,1,25,8139,1,0,63,38,84,0.907,87,30,57,72,93,1,42,0,1,1,151,76,72
2022-10,9500814827894,2170798994730,1,24,30,2,1,0,0,1,1,1,0,60,1,244,812,850,83152,62476,69364,37,89,19,82,33,52,1,1,0,42,0,1,0,1,0,0,0,0,0,0,1,1,1,535,71,68,39,77,334,43,78,247,10,48,60,96,54,90,1,39208,0,0,11,3784,1,2,43,6,13,0.324,73,30,48,82,99,1,2,0,1,0,768,70,25
2023-08,4058688201051,7224360478069,91,73,10,2,1,0,1,1,1,1,0,94,1,967,983,816,99512,63930,94092,56,94,61,50,43,26,0,2,0,78,1,0,0,0,1,1,0,1,1,0,0,1,0,393,67,89,67,12,45,17,26,178,16,30,0,29,23,87,1,54025,0,1,10,8081,0,2,33,40,63,0.06,4,10,59,41,58,0,53,1,0,0,160,66,11
2021-08,7965858955205,9965171912725,87,81,53,0,0,1,0,1,1,0,0,86,1,849,294,501,38450,67942,60325,65,8,8,34,83,25,2,2,1,18,1,0,0,0,1,0,1,0,1,1,1,0,0,376,22,44,96,62,343,11,23,259,2,0,68,87,91,62,1,34778,1,1,4,1743,0,0,43,97,42,0.338,33,60,79,7,28,0,24,0,0,1,826,94,3
2020-04,3517843140823,6566813726420,85,56,62,2,0,0,0,1,0,1,0,76,0,294,333,421,43006,46082,56037,94,93,21,10,13,2,0,1,0,17,0,1,0,1,1,1,1,0,2,0,0,0,0,895,100,20,1,84,335,94,96,8,40,90,40,70,98,66,1,23863,0,1,33,3184,0,2,93,48,39,0.561,30,27,60,86,1,0,67,1,1,1,191,20,76
2021-03,3226872722299,9608440197432,80,74,82,0,0,1,1,1,2,0,1,9,0,864,412,794,91936,38903,79046,79,24,24,93,11,0,0,0,1,20,1,1,1,0,0,1,0,1,2,0,1,1,1,994,0,21,71,87,176,91,18,166,79,91,13,33,66,61,0,18801,1,1,40,3573,1,2,14,37,30,0.105,45,53,22,30,46,1,15,1,1,0,111,22,34
2020-10,1557868500076,3423399219393,10,49,18,1,1,1,1,1,0,0,1,40,0,280,123,405,75683,93419,39100,84,52,15,70,15,5,2,2,1,57,1,0,0,0,1,0,0,0,1,1,1,1,0,185,13,49,51,74,329,68,59,363,23,61,18,95,37,9,0,90745,1,0,16,2264,0,2,42,95,26,0.041,76,19,29,90,60,0,34,1,1,1,855,47,51
2021-03,7098870997688,2036631540441,74,77,23,0,1,0,1,0,1,1,1,58,1,737,664,285,12181,27771,11737,40,43,34,47,94,9,2,2,0,68,0,0,1,1,1,1,1,0,1,1,0,0,0,736,92,1,53,97,249,48,76,241,85,88,72,39,70,56,0,37021,1,1,11,6266,1,2,63,80,79,0.404,95,70,97,85,12,0,57,0,1,1,259,39,34
2020-10,4285549618869,1804229466714,83,32,21,2,1,1,1,1,0,0,1,91,0,377,633,859,28637,32211,31319,100,86,19,50,75,30,0,1,0,2,1,0,0,0,0,0,1,1,0,0,0,1,1,943,71,25,79,65,208,42,75,309,93,38,62,91,18,88,0,49951,0,0,42,1202,1,0,53,43,35,0.247,81,26,78,80,16,1,6,1,0,1,702,13,49
2023-04,4866007476989,6465029932442,60,68,80,1,0,0,1,1,2,1,1,88,1,780,425,530,44081,62519,24747,88,24,70,4,92,92,1,2,0,78,1,1,0,0,1,1,1,1,2,0,0,0,1,934,69,65,6,13,212,81,78,186,2,44,3,75,18,83,1,98250,0,0,21,3169,0,2,41,91,11,0.579,59,85,77,28,17,0,78,0,1,1,976,24,40
2020-08,9911628240122,4012501560519,14,53,63,1,0,1,0,1,1,0,0,92,1,809,802,348,48008,81511,22777,51,6,18,91,83,39,2,0,0,95,0,1,0,0,1,0,1,1,2,0,1,1,1,333,33,100,43,93,254,8,32,230,48,63,99,43,12,83,1,37866,1,1,2,3245,0,2,69,6,88,0.65,56,77,89,96,68,1,91,0,0,1,500,78,82
2023-05,3837584689282,3372010033519,51,67,63,0,1,1,1,1,2,0,1,54,1,211,453,103,78179,72670,71996,96,59,75,18,95,41,0,1,0,88,0,1,1,1,0,1,1,1,0,0,0,1,0,482,86,34,82,60,203,86,12,227,84,95,38,42,25,73,1,56519,0,1,27,1284,0,2,26,96,75,0.934,98,87,77,16,76,1,86,0,0,0,288,10,32
2023-04,8413273603722,8595543845021,9,8,5,2,1,1,1,0,0,0,1,12,1,273,478,645,74075,99656,44917,45,36,90,84,53,25,1,2,0,52,0,0,1,0,1,1,1,1,2,1,1,0,1,603,92,32,62,65,119,82,53,343,9,22,6,94,19,29,1,64798,0,0,39,5200,1,0,14,60,18,0.606,97,10,17,97,89,0,17,1,1,0,527,86,27
2025-02,5973294924032,1985447520022,56,70,49,0,0,1,1,1,2,1,1,45,0,477,985,276,79093,84295,59788,58,98,18,50,49,54,0,1,0,81,0,0,0,0,1,1,0,0,2,0,1,0,1,268,58,77,3,59,5,85,44,26,81,20,97,92,8,21,1,65207,0,1,64,1841,1,2,81,18,34,0.462,53,57,39,49,42,1,30,1,1,1,122,54,69
2022-10,2125419957430,2212897418641,53,2,71,0,1,0,1,1,0,1,0,35,0,994,790,800,33894,25636,83351,7,94,43,81,9,93,0,2,0,48,0,1,1,0,0,0,0,0,1,0,0,0,1,968,0,28,49,0,247,44,89,178,91,65,96,68,68,40,0,68879,0,1,9,7271,0,1,36,63,19,0.983,24,29,74,26,66,1,25,1,1,1,971,53,37
2020-08,3222845903533,1143317880346,94,75,20,0,0,1,0,1,2,1,1,19,1,716,964,757,11984,48267,19248,64,12,11,25,37,19,2,0,0,72,1,0,0,1,1,0,0,0,0,0,0,1,0,481,19,10,54,63,98,81,66,103,72,11,39,32,27,46,0,75234,1,0,13,6347,1,2,44,70,0,0.335,66,94,44,44,54,1,33,1,0,1,678,37,80
2021-11,1932047120112,4822763214010,18,91,8,2,1,0,0,0,0,0,1,54,0,323,154,549,57677,57801,76722,36,33,97,58,34,12,2,2,1,17,0,1,0,0,1,1,0,0,0,0,1,1,1,599,69,61,80,30,365,25,32,72,52,77,58,40,43,46,1,59176,1,1,69,6384,1,0,54,78,75,0.366,7,55,42,5,87,0,90,0,1,1,215,63,62
2022-11,3158228189499,3872925911240,34,1,41,2,0,1,0,1,0,0,1,76,1,469,606,717,36679,73839,47446,54,24,94,87,93,15,2,0,0,22,1,0,1,1,1,1,0,1,1,1,0,1,0,392,84,57,9,38,88,34,56,362,4,40,87,80,45,78,1,44059,1,1,100,5213,1,0,18,48,56,0.704,41,11,71,31,79,0,28,0,1,1,411,58,26
2021-10,8876999400091,7298175464413,6,44,57,0,0,1,1,0,2,1,1,43,1,661,464,528,72129,45062,19706,27,73,77,68,21,13,2,1,0,21,1,0,0,0,0,0,1,0,0,1,1,1,1,715,30,81,95,5,169,35,10,69,88,72,90,58,66,21,0,85930,1,0,34,3072,2,2,14,91,35,0.881,16,2,23,57,59,1,18,0,1,0,514,57,8
2021-09,8281071835419,1284495910235,69,89,78,1,0,1,1,0,2,0,0,74,1,805,992,685,47597,43820,70448,7,42,73,44,8,0,2,2,1,27,1,1,0,1,1,0,0,0,2,1,1,0,0,623,29,1,48,73,83,67,15,357,64,28,65,97,77,26,1,15905,0,0,35,1459,0,1,18,30,26,0.382,25,12,62,50,86,1,77,1,0,1,466,12,64
2021-06,6189543526727,8405483002305,70,64,66,1,0,1,0,1,0,0,1,50,1,280,832,651,60183,64752,71136,37,43,23,45,76,36,2,2,0,8,0,1,1,1,1,0,0,1,0,0,1,1,0,528,61,2,63,90,59,58,81,70,5,100,80,95,86,47,0,14836,1,1,51,6256,0,1,57,42,0,0.753,7,39,73,9,38,0,73,0,1,0,132,9,19
2022-10,3410477816500,9970264671605,2,18,92,2,0,0,0,0,1,1,0,11,1,720,704,776,33544,91681,85703,88,15,33,44,90,46,1,0,0,79,0,1,1,0,0,0,0,1,2,0,1,1,1,508,60,86,39,51,149,33,15,41,94,97,40,25,84,21,1,34797,0,0,39,9703,1,2,19,5,27,0.598,63,14,87,87,88,0,60,1,0,0,853,46,60
2025-03,6891788128987,6436562258795,67,11,41,2,1,0,1,1,0,0,1,98,0,458,320,762,77588,60603,20807,96,56,45,19,37,38,2,2,1,16,1,1,1,1,0,1,1,1,1,1,0,0,0,826,3,31,18,79,265,83,26,182,47,78,35,18,73,25,0,31074,1,0,38,8080,2,2,88,97,5,0.45,35,92,42,25,39,1,11,0,0,1,300,0,86
2025-06,6818177920139,6144877042603,64,84,16,1,1,0,1,0,1,1,1,84,0,403,602,594,38594,88897,78732,56,56,6,13,66,27,0,0,0,97,0,0,0,1,1,0,1,0,1,0,0,0,0,953,98,39,58,97,289,17,14,240,57,29,50,90,35,86,0,35900,1,1,69,7757,2,2,98,41,60,0.75,12,79,27,59,64,0,72,1,1,0,935,3,33
2024-02,6422737855422,9126112232766,5,19,93,2,0,1,1,1,1,0,0,39,0,955,421,730,31473,27543,83665,36,60,13,49,26,75,1,1,1,69,0,1,1,1,1,1,1,0,1,0,0,0,1,756,33,34,74,8,326,72,75,29,71,5,53,5,49,89,1,45601,0,0,24,6650,0,0,94,25,90,0.963,45,75,89,15,81,0,98,0,0,1,567,77,88
2025-04,1080667674305,1613623720855,15,31,25,0,0,0,1,1,0,0,0,51,0,270,396,121,33301,69472,24939,25,94,36,76,77,65,0,2,0,45,0,0,1,1,1,0,0,0,0,1,1,1,0,897,89,62,34,40,92,8,84,99,79,46,54,82,36,14,0,34750,0,0,0,3970,2,1,1,81,98,0.36,48,76,89,91,94,1,80,1,0,1,940,35,44
2025-09,3665974102927,7417118513613,32,58,17,2,0,1,0,1,0,0,0,50,1,355,207,521,15537,60416,41690,66,80,46,11,76,39,0,2,0,6,1,1,1,1,1,1,0,1,1,1,1,1,1,227,62,50,30,79,243,94,24,73,19,29,79,68,13,41,0,16562,0,0,82,4121,0,1,20,68,9,0.444,92,91,82,29,47,1,0,0,0,0,361,30,9
2024-05,5051384151893,9272865511432,13,55,90,0,0,1,0,1,1,1,0,98,1,300,348,693,49623,37278,36341,52,79,41,34,22,34,2,1,0,32,0,0,1,1,1,0,1,0,1,1,0,1,0,303,73,70,84,95,203,19,100,238,12,6,32,3,37,8,0,84887,1,1,34,1823,2,1,79,96,41,0.203,70,83,51,36,50,0,87,1,1,0,312,90,59
2024-12,7584043894402,2131315124222,25,57,15,0,1,1,1,0,1,0,1,96,0,998,631,552,18012,21771,73824,75,32,90,43,71,67,0,0,1,51,1,1,1,1,1,1,1,1,1,0,0,1,0,323,20,32,64,94,1,62,11,287,47,25,59,96,14,41,0,44134,1,0,72,3937,2,2,7,25,5,0.159,80,54,40,52,61,1,58,0,1,1,992,56,6
2024-06,6056040870489,8044121519377,22,30,99,2,0,1,1,0,2,1,0,94,0,240,663,347,64276,96079,60564,94,66,80,97,7,39,2,0,0,56,1,1,0,0,1,1,1,0,0,1,1,0,1,876,60,76,43,55,204,7,77,336,36,55,29,10,100,15,1,34721,1,0,98,3292,0,0,50,97,73,0.34,15,62,83,68,25,0,55,0,1,1,722,16,20
2022-08,4222879701003,4146557845070,16,59,82,0,0,1,0,1,1,1,0,63,0,879,181,298,59675,64419,19038,2,35,34,56,87,10,0,0,1,85,1,1,1,1,0,0,0,1,0,0,0,1,1,519,7,41,20,85,142,34,97,46,60,70,30,7,65,53,0,43752,0,1,68,7929,2,2,76,26,37,0.556,39,73,40,10,95,0,56,1,1,1,533,19,27
2021-08,8264292629358,2484760023918,46,7,91,0,0,1,1,1,2,1,1,59,0,573,375,440,17467,68847,61813,51,97,97,90,48,90,1,2,0,74,1,0,1,1,0,1,0,0,1,1,0,1,1,411,89,11,12,84,203,85,84,109,39,26,23,80,41,36,0,49751,0,0,10,9632,2,2,25,76,83,0.095,34,41,17,46,52,1,49,1,1,1,636,17,16
2025-05,5142565933446,1610124015054,55,65,38,2,0,0,1,1,2,0,1,90,0,105,658,275,91056,30512,78436,4,25,56,33,49,76,2,2,1,67,1,0,1,1,0,1,0,0,0,0,0,1,1,305,53,19,27,73,206,77,8,156,71,16,11,4,91,43,1,31956,0,0,5,3860,2,1,89,14,79,0.149,78,17,47,18,75,0,88,0,0,0,463,5,77
2022-12,5638710463679,9802295186219,88,93,95,0,0,1,1,1,1,1,1,12,1,624,608,569,17906,27002,65458,57,30,36,33,100,21,2,1,1,80,1,1,1,1,0,0,1,0,2,0,1,1,0,513,21,79,94,45,231,92,31,330,36,73,87,81,61,85,0,53125,1,1,39,4455,2,2,80,28,56,0.538,51,90,65,34,43,1,47,0,1,0,402,71,22
2020-08,7042531535874,8466508216658,4,82,70,1,0,1,1,0,1,0,1,46,0,893,350,284,85994,37970,58338,90,43,85,0,3,4,2,0,1,45,0,0,1,1,1,0,1,0,0,1,1,0,0,710,84,48,20,29,219,54,43,145,22,45,90,84,91,56,1,71574,1,0,69,5759,1,1,67,20,37,0.139,94,69,1,99,84,0,52,1,0,1,844,65,9
2024-08,3336234470564,7674242455103,8,21,24,1,0,1,0,0,2,1,1,95,1,483,834,367,26555,37987,40276,76,62,78,54,40,41,2,1,0,73,0,0,1,1,0,1,1,0,2,0,0,0,0,359,97,66,57,100,290,57,26,72,69,81,11,3,13,77,1,15842,0,1,89,7072,1,1,10,91,22,0.012,52,91,70,12,34,0,8,1,1,1,126,40,78
2020-05,6013284726652,6429150253387,38,48,21,1,1,0,0,1,1,0,0,91,0,843,987,239,72971,57030,65191,39,75,80,90,100,90,1,0,0,43,0,0,0,1,1,1,0,1,0,0,0,1,1,663,71,41,52,33,25,5,26,201,56,31,67,94,8,20,0,36923,1,0,76,6613,0,0,23,22,33,0.538,75,12,93,70,30,0,35,0,1,1,494,49,58
2024-05,1582488337266,3550493079571,3,15,19,0,0,1,0,1,1,0,1,77,0,522,991,858,90212,78882,88630,10,30,51,25,5,91,1,0,1,54,0,0,1,0,0,0,1,1,0,1,1,0,1,270,97,74,19,76,205,87,58,71,97,50,52,7,91,1,0,75286,1,1,64,5348,2,0,76,34,18,0.911,39,7,58,79,18,1,44,0,1,0,104,51,61
2021-08,3193954217413,5222393383021,61,14,79,1,1,0,0,1,0,0,1,2,0,172,726,438,33416,59474,94122,84,42,94,16,60,84,2,2,1,95,1,0,1,0,0,0,0,0,0,0,1,1,1,162,28,20,98,92,105,16,81,355,99,36,86,27,42,81,0,77131,0,1,69,1512,0,2,41,39,31,0.026,49,30,34,98,92,0,65,1,0,1,654,33,56
2023-04,7067486508062,2292590570921,0,63,62,1,0,0,1,0,0,1,1,89,0,973,563,445,21094,42413,18051,100,42,40,42,30,39,1,2,1,35,1,0,0,0,1,0,0,0,0,0,1,1,0,441,15,47,38,73,42,60,19,38,84,87,15,45,74,72,0,70046,1,1,32,1489,1,1,73,32,50,0.805,34,39,0,11,20,0,1,1,0,0,795,7,63
2023-08,9674993893432,1403192517039,98,18,59,1,0,0,0,1,2,1,1,73,1,362,711,906,72931,96885,40590,29,62,0,60,97,89,0,2,0,92,1,0,0,1,0,0,1,1,1,1,1,0,1,627,43,68,35,46,258,17,65,22,13,59,1,78,37,12,1,74382,0,1,50,9041,1,0,54,87,42,0.073,60,77,98,51,45,0,43,1,1,0,995,75,35
2024-11,4321064801171,7536038601165,17,25,8,2,1,0,1,1,2,0,0,6,1,497,128,843,38656,35073,71681,72,79,7,71,36,45,1,2,1,96,0,0,0,0,1,1,0,1,2,0,0,0,1,875,28,38,63,67,310,67,45,306,84,1,33,6,29,41,0,69318,0,1,96,5449,2,2,66,33,64,0.508,27,41,0,88,48,0,97,0,1,1,753,26,82
2025-06,5938814331853,5279298236876,35,79,40,1,1,0,1,0,2,1,0,82,0,970,882,105,31976,56053,16059,19,27,93,95,78,12,2,1,1,73,0,0,1,0,1,1,0,0,1,1,0,1,1,702,12,95,90,16,210,14,59,51,42,9,42,18,6,96,1,50510,1,1,67,5128,2,2,80,95,0,0.116,4,29,81,47,82,1,59,0,0,0,857,28,65
2024-11,5746183471714,9253624228803,49,27,1,0,0,0,0,0,1,1,0,78,1,395,372,353,22590,61050,54485,93,31,79,38,82,32,0,1,1,52,1,0,0,1,0,1,0,0,2,1,1,1,0,712,93,56,98,47,278,38,18,309,60,88,99,84,39,88,0,41586,1,0,83,7086,2,2,54,38,86,0.996,6,54,61,14,78,1,70,1,0,0,813,94,4
2022-08,4192858910804,2705902686452,71,6,24,2,0,1,0,1,1,1,0,88,0,418,473,848,77012,60260,60793,14,30,71,77,10,72,0,0,1,14,0,1,0,1,1,1,1,1,2,0,0,0,0,980,36,37,88,36,298,46,66,134,51,75,95,64,59,38,1,90748,0,0,76,6128,1,0,16,85,15,0.262,91,33,30,64,96,0,79,0,1,0,683,83,21
2022-02,6533663649924,5712468007561,86,23,85,2,0,1,1,1,2,1,0,86,1,219,159,531,85320,66513,75252,61,46,90,77,71,63,0,2,1,51,1,0,1,0,0,0,1,1,1,1,0,1,1,762,69,32,49,13,180,97,40,347,7,61,19,71,44,28,0,62578,1,1,49,3906,0,2,61,76,72,0.369,11,89,92,53,13,0,27,0,0,1,722,45,12
2022-10,6299209637495,7087025879100,31,46,11,1,1,0,0,0,2,0,1,2,1,846,505,276,96839,70790,14146,56,3,0,61,37,88,2,1,1,90,1,0,1,1,1,0,0,1,1,0,0,0,0,221,80,81,82,3,174,85,52,37,25,49,76,82,52,70,1,59986,1,0,80,8190,0,0,17,70,69,0.821,58,86,43,42,62,0,93,1,1,0,938,59,30
2022-08,2724403431313,4305296306850,97,45,20,0,0,0,1,1,0,0,0,66,1,714,759,456,17626,83735,45151,80,84,77,74,93,15,1,0,0,48,1,0,1,1,1,0,0,1,2,0,0,1,1,374,53,17,30,16,131,90,8,174,1,29,36,18,92,63,1,23975,0,1,97,9201,1,2,87,26,6,0.704,72,54,45,39,22,0,54,1,1,0,738,81,42
2021-12,1894816491309,4684945187071,27,17,3,2,1,0,1,1,0,1,1,91,0,136,322,435,34249,66163,58590,82,81,36,14,1,92,0,2,1,6,0,0,0,1,0,1,1,0,0,0,0,0,0,999,67,9,35,95,202,67,92,361,92,17,18,94,97,22,1,13715,0,0,69,8920,2,2,31,30,71,0.692,97,14,51,27,69,1,37,1,1,0,741,93,41
2021-09,4535349601592,9979542979276,68,10,35,2,1,1,1,1,1,1,0,60,0,764,197,388,30612,56345,39787,64,69,41,73,85,76,0,2,0,71,0,0,0,1,0,0,1,1,0,1,1,0,0,761,60,72,85,67,206,81,63,65,4,85,60,70,93,24,1,48483,1,1,79,4958,2,0,56,87,26,0.182,24,3,75,95,71,1,31,1,1,0,417,82,28
2021-12,3879635920060,2609775123244,33,22,23,2,1,1,1,1,2,0,0,89,0,178,444,566,54169,98758,67415,55,29,74,77,52,90,2,0,1,41,1,1,1,0,0,0,1,1,0,1,1,1,0,558,31,84,18,15,152,60,63,170,13,48,31,33,55,67,0,49361,0,0,61,3033,1,0,69,59,77,0.218,80,86,38,6,91,0,50,1,0,0,694,87,89
2024-08,5558042385201,3395209173595,78,34,91,1,1,0,1,0,1,0,0,88,1,827,145,618,74634,32643,24437,96,34,5,49,34,73,0,0,1,30,1,0,1,1,1,1,1,1,1,1,0,1,1,722,56,56,46,2,49,66,64,287,29,59,77,54,95,53,1,48099,0,0,32,3910,0,2,85,45,42,0.798,65,65,62,13,32,1,99,1,0,1,963,8,39
2021-10,2935451560793,6812237016581,76,60,14,1,1,1,0,1,2,1,0,30,1,415,765,420,44212,54447,33398,23,56,2,53,18,49,2,1,0,28,1,1,0,0,1,1,0,1,1,1,0,1,0,765,28,67,98,16,185,69,28,300,12,82,9,49,2,59,0,24859,0,1,87,6446,0,1,40,32,45,0.512,90,34,65,75,14,0,89,1,0,0,595,80,76
2022-11,9973593811934,7755383595394,30,86,86,2,0,0,0,0,0,0,1,49,0,251,144,503,23130,59109,10613,57,13,65,15,67,60,0,0,1,24,0,1,0,0,1,1,0,0,1,1,1,0,1,935,84,38,91,28,157,7,97,85,95,66,77,73,87,30,1,31316,0,0,36,1844,1,0,28,64,45,0.449,44,70,73,8,27,1,40,0,0,0,843,67,24
2020-12,3944568408220,6959880850589,44,9,74,1,0,1,0,1,0,0,0,51,0,593,209,487,56482,58173,34196,40,84,98,57,24,70,1,2,1,51,0,0,0,1,1,0,1,1,0,1,1,0,0,535,22,13,39,42,149,73,81,192,14,69,83,57,24,58,1,86171,1,1,56,2185,1,0,19,59,77,0.079,5,9,1,73,98,1,20,0,0,0,843,95,57
2023-03,6564955868315,5248458968218,41,61,80,0,0,1,1,1,0,0,0,46,0,791,897,524,79636,36619,18198,33,25,38,15,5,91,0,0,0,99,0,1,0,0,0,0,0,0,0,0,1,0,1,164,27,3,70,62,9,35,77,243,25,22,12,84,2,27,1,99622,0,0,91,8695,2,1,58,67,36,0.172,12,28,11,23,24,0,75,1,1,0,287,73,52
2025-05,4670783374970,2226178919998,40,16,24,0,0,1,1,1,1,0,1,1,1,374,537,442,16707,89259,81348,83,32,76,64,59,96,2,1,1,51,0,1,0,1,0,1,1,0,1,0,0,1,0,678,65,3,74,58,79,39,41,341,96,64,26,72,96,57,0,60021,1,0,45,6499,1,0,65,68,82,0.188,79,88,80,17,72,0,26,0,0,0,806,15,71
2022-10,1587440693287,1069057458414,29,51,28,2,0,0,1,0,1,0,0,58,1,529,361,782,81174,59185,11415,75,71,81,84,30,100,2,2,0,70,1,0,1,0,1,0,0,1,2,0,0,0,0,880,39,87,71,12,125,15,35,112,61,72,53,35,1,79,1,22880,0,1,70,4193,0,2,3,81,5,0.322,58,21,56,60,26,0,39,0,1,1,618,23,10
2022-04,8753667335138,1493062147669,43,29,31,1,1,0,0,1,1,1,1,25,1,778,672,840,58317,41243,40809,100,61,49,46,21,31,2,2,0,73,1,1,1,1,1,0,0,0,1,1,0,1,1,200,41,62,34,69,280,18,45,13,0,94,50,98,71,38,0,65093,1,0,81,2363,1,1,5,87,74,0.055,64,65,4,33,56,1,16,0,0,1,749,4,81
2021-06,4491587705336,9623623570546,62,40,51,2,0,0,1,1,1,1,1,11,0,151,495,736,79312,12939,59151,85,77,63,68,55,6,0,1,0,44,1,0,0,1,1,1,0,0,0,1,1,1,0,127,20,26,64,11,199,67,75,153,3,40,69,17,70,42,0,23172,1,0,61,4234,0,2,21,44,75,0.058,13,71,78,55,65,0,61,1,1,0,595,6,43
2021-08,4164214783453,1381989324206,70,76,83,1,0,1,0,1,2,1,1,36,1,196,916,813,95300,77497,52600,35,96,76,62,4,12,0,1,0,18,1,1,0,1,1,1,1,1,1,1,1,0,0,865,15,92,15,26,100,28,14,229,96,69,1,49,54,11,0,26220,1,0,92,1078,2,1,95,48,32,0.867,83,41,30,35,73,1,82,1,1,1,635,25,81
2025-08,1199348598020,2959381354615,81,90,15,2,1,0,1,0,1,1,1,15,1,817,473,107,81768,61343,37685,49,37,97,43,47,95,2,1,0,33,0,1,0,0,0,0,0,0,1,1,0,0,0,728,11,52,51,64,270,49,78,71,0,48,84,49,39,81,1,70695,0,1,44,3203,1,1,20,58,48,0.514,28,18,48,38,85,0,69,1,1,1,680,60,47
2020-10,6002939350019,4266268569371,59,4,59,1,1,0,1,1,0,0,1,1,0,571,472,917,94288,18457,98489,75,31,74,55,11,14,0,1,0,100,1,1,0,0,0,0,1,1,0,0,1,0,0,493,68,34,0,83,62,24,19,113,33,10,76,37,57,78,1,61319,1,1,70,5328,1,2,82,20,90,0.813,78,54,92,43,19,0,32,0,1,0,578,31,83
2023-03,9625769332467,3670209562584,12,71,69,2,0,0,1,1,0,0,0,27,0,675,118,343,49180,61299,54582,80,36,72,47,79,87,1,0,0,23,0,0,0,0,1,0,0,1,1,0,0,0,0,838,11,8,4,79,88,89,68,195,48,46,69,33,16,44,1,25267,0,1,82,8329,0,2,64,99,98,0.749,38,46,83,62,36,1,36,0,0,0,142,2,29
2022-09,9482483394572,1586299445801,66,41,10,1,1,1,1,1,1,0,1,63,1,946,268,983,72558,89814,89302,81,36,57,42,10,59,2,0,1,26,0,1,0,0,0,1,0,1,0,1,1,0,0,982,88,30,96,33,254,44,85,197,64,65,14,82,22,38,0,96944,1,1,66,9732,2,2,87,3,78,0.192,20,31,89,58,51,0,7,1,1,1,513,88,7
2025-07,2805162357180,8999157186741,58,62,63,0,1,1,0,0,1,1,1,93,1,299,251,764,16000,54564,31103,74,30,78,86,28,48,0,0,1,98,0,1,0,0,1,1,0,0,2,1,1,1,1,915,75,73,61,75,167,66,87,178,11,7,82,61,42,29,0,54015,1,0,74,7300,2,2,88,42,27,0.351,43,46,91,3,11,1,19,0,0,0,314,52,70
