{
  "SEEK_CUST_NO": "8281071835419",
  "CONTENTS": [
    {
      "SFID_NO": 1,
      "BASS_SFID_YN": "Y",
      "COVERLETER_CONTENTS": [
        {
          "SFID_IEM_SN": 0,
          "SFID_SJNM": "OOO님의 자기소개서 입니다.",
          "SFID_IEM_SECD": "10",
          "DS_SFID_IEM_SECD": "입사 후 포부",
          "SFID_IEM_SJNM": "협력과 소통으로 팀의 시너지를 극대화하겠습니다",
          "SELF_INTRO_CONT": "입사 후, 저는 팀의 일원으로서 협력과 소통을 통해 시너지를 창출하고 싶습니다. 다양한 문제 해결 경험을 바탕으로, 발생하는 이슈에 대해 적극적으로 접근하며 실질적인 해결책을 제시하겠습니다. 또한, 지속적인 자기 개발을 통해 변화하는 시장에 발맞추고, 회사의 성장에 기여할 수 있는 전문가로 성장하겠습니다. 책임감을 가지고 맡은 바 업무를 수행하며, 동료들과 함께 목표를 달성하는 과정에서 신뢰를 쌓고 긍정적인 조직 문화를 만들어 나가겠습니다."
        },
        {
          "SFID_IEM_SN": 1,
          "SFID_SJNM": "",
          "SFID_IEM_SECD": "04",
          "DS_SFID_IEM_SECD": "해외경험",
          "SFID_IEM_SJNM": "해외 경험을 통해 문제 해결 능력을 키웠습니다.",
          "SELF_INTRO_CONT": "해외에서의 경험은 저에게 큰 성장의 기회를 제공했습니다. 대학 시절, 6개월간 유럽에서 어학연수를 하며 다양한 문화와 사람들을 만났고, 이 과정에서 팀워크의 중요성을 깊이 깨달았습니다. 여러 국적의 친구들과 함께 프로젝트를 진행하며 서로의 의견을 존중하고 조율하는 법을 익혔습니다. 또한, 현지에서의 일상적인 문제들을 해결하기 위해 적극적으로 나섰고, 이를 통해 책임감을 기를 수 있었습니다. 이러한 경험은 저의 문제 해결 능력을 키워주었고, 다양한 시각에서 접근할 수 있는 능력을 배양하게 했습니다. 결과적으로, 해외 경험은 저의 인생에 긍정적인 영향을 미쳤고, 앞으로의 도전에서도 큰 자산이 될 것입니다."
        },
        {
          "SFID_IEM_SN": 2,
          "SFID_SJNM": "",
          "SFID_IEM_SECD": "07",
          "DS_SFID_IEM_SECD": "나의 특장점",
          "SFID_IEM_SJNM": "팀워크와 문제 해결 능력으로 조직에 기여하고자 합니다",
          "SELF_INTRO_CONT": "저는 다양한 경험을 통해 쌓은 팀워크와 문제 해결 능력을 강점으로 삼고 있습니다. 대학 시절, 여러 프로젝트에서 팀원으로 활동하며 서로의 의견을 존중하고 조율하는 과정에서 협업의 중요성을 깨달았습니다. 또한, 예상치 못한 문제에 직면했을 때는 침착하게 상황을 분석하고, 팀원들과 함께 해결책을 모색하여 성공적으로 프로젝트를 마무리한 경험이 있습니다. 이러한 경험은 저에게 책임감을 더욱 강화시켰고, 지속적인 성장의 기회를 제공했습니다. 앞으로도 이러한 특장점을 바탕으로 조직에 기여하며 함께 발전해 나가고자 합니다."
        }
      ]
    },
    {
      "SFID_NO": 2,
      "BASS_SFID_YN": "N",
      "COVERLETER_CONTENTS": [
        {
          "SFID_IEM_SN": 0,
          "SFID_SJNM": "OOO님의 자기소개서 입니다.",
          "SFID_IEM_SECD": "03",
          "DS_SFID_IEM_SECD": "주요활동",
          "SFID_IEM_SJNM": "팀워크와 문제 해결 능력을 통해 성장한 경험을 갖추었습니다.",
          "SELF_INTRO_CONT": "대학 시절, 동아리 활동을 통해 팀워크와 문제 해결 능력을 키웠습니다. 프로젝트를 진행하며 다양한 의견을 조율하고, 각자의 강점을 살려 역할을 분담했습니다. 특히, 한 번은 중요한 발표를 앞두고 예상치 못한 기술적 문제에 직면했으나, 팀원들과의 긴밀한 협력을 통해 신속하게 해결책을 마련했습니다. 이 과정에서 책임감을 느끼며, 결과적으로 발표는 성공적으로 마무리되었습니다. 이러한 경험은 저에게 공동의 목표를 위해 협력하는 것의 중요성과 문제를 해결하는 능력을 배양하는 데 큰 도움이 되었습니다. 또한, 실패와 성공을 통해 지속적으로 성장할 수 있는 기회를 얻었습니다."
        },
        {
          "SFID_IEM_SN": 1,
          "SFID_SJNM": "",
          "SFID_IEM_SECD": "07",
          "DS_SFID_IEM_SECD": "나의 특장점",
          "SFID_IEM_SJNM": "팀워크와 문제 해결 능력으로 조직에 기여하고자 합니다",
          "SELF_INTRO_CONT": "저는 다양한 경험을 통해 쌓은 팀워크와 문제 해결 능력을 강점으로 삼고 있습니다. 대학 시절, 여러 프로젝트에서 팀원으로 활동하며 서로의 의견을 존중하고 조율하는 과정에서 협업의 중요성을 깨달았습니다. 또한, 예상치 못한 문제에 직면했을 때는 침착하게 상황을 분석하고, 팀원들과 함께 해결책을 모색하여 성공적으로 프로젝트를 마무리한 경험이 있습니다. 이러한 경험은 저에게 책임감을 더욱 강화시켰고, 지속적인 성장의 기회를 제공했습니다. 앞으로도 이러한 특장점을 바탕으로 조직에 기여하며 함께 발전해 나가고자 합니다."
        },
        {
          "SFID_IEM_SN": 2,
          "SFID_SJNM": "",
          "SFID_IEM_SECD": "04",
          "DS_SFID_IEM_SECD": "해외경험",
          "SFID_IEM_SJNM": "해외 경험을 통해 문제 해결 능력을 키웠습니다.",
          "SELF_INTRO_CONT": "해외에서의 경험은 저에게 큰 성장의 기회를 제공했습니다. 대학 시절, 6개월간 유럽에서 어학연수를 하며 다양한 문화와 사람들을 만났고, 이 과정에서 팀워크의 중요성을 깊이 깨달았습니다. 여러 국적의 친구들과 함께 프로젝트를 진행하며 서로의 의견을 존중하고 조율하는 법을 익혔습니다. 또한, 현지에서의 일상적인 문제들을 해결하기 위해 적극적으로 나섰고, 이를 통해 책임감을 기를 수 있었습니다. 이러한 경험은 저의 문제 해결 능력을 키워주었고, 다양한 시각에서 접근할 수 있는 능력을 배양하게 했습니다. 결과적으로, 해외 경험은 저의 인생에 긍정적인 영향을 미쳤고, 앞으로의 도전에서도 큰 자산이 될 것입니다."
        },
        {
          "SFID_IEM_SN": 3,
          "SFID_SJNM": "",
          "SFID_IEM_SECD": "01",
          "DS_SFID_IEM_SECD": "나의가족",
          "SFID_IEM_SJNM": "가족의 유대감이 저에게 팀워크와 책임감을 심어주었습니다.",
          "SELF_INTRO_CONT": "저는 가족과의 소중한 유대감을 통해 팀워크와 책임감의 중요성을 배웠습니다. 부모님은 항상 저에게 자신감을 주셨고, 형제자매와 함께 성장하며 서로의 문제를 함께 해결하는 법을 익혔습니다. 이러한 경험은 저의 인생에 큰 영향을 미쳤고, 협력의 가치를 깨닫게 해주었습니다. 가족은 저에게 도전과 어려움을 극복하는 힘을 주었으며, 그 과정에서 저는 더 나은 사람으로 성장할 수 있었습니다. 앞으로도 가족과의 관계를 바탕으로, 다양한 사람들과의 협업에서 긍정적인 영향을 미치며 함께 발전해 나가고 싶습니다."
        }
      ]
    }
  ]
}