{
  "SEEK_CUST_NO": "3665974102927",
  "CONTENTS": [
    {
      "SFID_NO": 1,
      "BASS_SFID_YN": "Y",
      "COVERLETER_CONTENTS": [
        {
          "SFID_IEM_SN": 0,
          "SFID_SJNM": "OOO님의 자기소개서 입니다.",
          "SFID_IEM_SECD": "06",
          "DS_SFID_IEM_SECD": "경력 및 업무경험",
          "SFID_IEM_SJNM": "팀워크와 책임감을 바탕으로 성장하는 전문가입니다",
          "SELF_INTRO_CONT": "저는 다양한 프로젝트에서 팀원으로서의 역할을 충실히 수행하며, 문제 해결 능력을 키워왔습니다. 이전 직장에서 진행한 제품 개발 프로젝트에서는 팀과의 원활한 소통을 통해 고객의 요구사항을 정확히 반영하여 최종 결과물의 품질을 높였습니다. 이 과정에서 발생한 여러 문제를 팀원들과 협력하여 해결하며, 책임감을 갖고 업무에 임했습니다. 또한, 프로젝트 종료 후 피드백을 통해 개인의 성장뿐만 아니라 팀의 역량도 강화할 수 있었습니다. 이러한 경험들은 앞으로의 업무에서도 팀워크와 책임감을 바탕으로 더욱 발전하는 데 큰 도움이 될 것입니다."
        },
        {
          "SFID_IEM_SN": 1,
          "SFID_SJNM": "",
          "SFID_IEM_SECD": "07",
          "DS_SFID_IEM_SECD": "나의 특장점",
          "SFID_IEM_SJNM": "팀워크와 문제 해결 능력으로 조직에 기여하고자 합니다",
          "SELF_INTRO_CONT": "저는 다양한 경험을 통해 쌓은 팀워크와 문제 해결 능력을 강점으로 삼고 있습니다. 대학 시절, 여러 프로젝트에서 팀원으로 활동하며 서로의 의견을 존중하고 조율하는 과정에서 협업의 중요성을 깨달았습니다. 또한, 예상치 못한 문제에 직면했을 때는 침착하게 상황을 분석하고, 팀원들과 함께 해결책을 모색하여 성공적으로 프로젝트를 마무리한 경험이 있습니다. 이러한 경험은 저에게 책임감을 더욱 강화시켰고, 지속적인 성장의 기회를 제공했습니다. 앞으로도 이러한 특장점을 바탕으로 조직에 기여하며 함께 발전해 나가고자 합니다."
        },
        {
          "SFID_IEM_SN": 2,
          "SFID_SJNM": "",
          "SFID_IEM_SECD": "12",
          "DS_SFID_IEM_SECD": "가치관",
          "SFID_IEM_SJNM": "팀워크와 책임감을 통해 가치를 창출하는 인재입니다",
          "SELF_INTRO_CONT": "저는 항상 팀워크와 책임감을 바탕으로 가치 있는 성장을 추구해왔습니다. 문제 해결 과정에서 동료들과 협력하며 다양한 의견을 존중하고, 이를 통해 최선의 결과를 도출하는 것을 중요하게 생각합니다. 이러한 과정은 저에게 개인적인 성장뿐만 아니라, 팀 전체의 발전에도 기여할 수 있는 기회를 제공합니다. 매사에 책임을 다하며, 긍정적인 변화와 혁신을 이끌어내는 것이 제 가치관의 핵심입니다. 이를 통해 더 나은 미래를 만들어가는 데 기여하고자 합니다."
        }
      ]
    },
    {
      "SFID_NO": 2,
      "BASS_SFID_YN": "N",
      "COVERLETER_CONTENTS": [
        {
          "SFID_IEM_SN": 0,
          "SFID_SJNM": "OOO님의 자기소개서 입니다.",
          "SFID_IEM_SECD": "11",
          "DS_SFID_IEM_SECD": "성장과정",
          "SFID_IEM_SJNM": "팀워크와 문제 해결로 성과를 이끌어낸 경험이 있습니다.",
          "SELF_INTRO_CONT": "저는 항상 팀워크와 문제 해결의 중요성을 강조하며 성장해왔습니다. 어린 시절, 다양한 동아리 활동을 통해 친구들과 협력하여 목표를 달성하는 경험을 쌓았습니다. 특히, 중학교 시절 학교 축제 준비를 하면서 팀원들과의 소통과 역할 분담의 중요성을 깨달았습니다. 이러한 경험은 고등학교와 대학에서도 이어졌고, 프로젝트를 수행할 때마다 책임감을 가지고 임하며 문제를 해결하는 데 집중했습니다. 그 결과, 팀이 목표를 초과 달성하는 성과를 이루었고, 이는 저의 성장에 큰 밑거름이 되었습니다. 이러한 경험을 바탕으로 앞으로도 끊임없이 배우고 성장하며, 팀과 함께 더 나은 결과를 만들어 나가고 싶습니다."
        },
        {
          "SFID_IEM_SN": 1,
          "SFID_SJNM": "",
          "SFID_IEM_SECD": "01",
          "DS_SFID_IEM_SECD": "나의가족",
          "SFID_IEM_SJNM": "가족의 유대감이 저에게 팀워크와 책임감을 심어주었습니다.",
          "SELF_INTRO_CONT": "저는 가족과의 소중한 유대감을 통해 팀워크와 책임감의 중요성을 배웠습니다. 부모님은 항상 저에게 자신감을 주셨고, 형제자매와 함께 성장하며 서로의 문제를 함께 해결하는 법을 익혔습니다. 이러한 경험은 저의 인생에 큰 영향을 미쳤고, 협력의 가치를 깨닫게 해주었습니다. 가족은 저에게 도전과 어려움을 극복하는 힘을 주었으며, 그 과정에서 저는 더 나은 사람으로 성장할 수 있었습니다. 앞으로도 가족과의 관계를 바탕으로, 다양한 사람들과의 협업에서 긍정적인 영향을 미치며 함께 발전해 나가고 싶습니다."
        },
        {
          "SFID_IEM_SN": 2,
          "SFID_SJNM": "",
          "SFID_IEM_SECD": "99",
          "DS_SFID_IEM_SECD": "기타",
          "SFID_IEM_SJNM": "팀워크와 문제 해결 능력을 통해 성장한 경험을 가지고 있습니다.",
          "SELF_INTRO_CONT": "다양한 경험을 통해 문제 해결 능력과 팀워크의 중요성을 깊이 이해하게 되었습니다. 대학 시절, 여러 프로젝트에서 팀원으로 참여하며 각자의 의견을 존중하고 조율하는 과정을 통해 협력의 가치를 실감했습니다. 특히, 예기치 않은 문제에 직면했을 때는 팀원들과 함께 brainstorming을 통해 창의적인 해결책을 도출하며 성장했습니다. 또한, 책임감을 가지고 맡은 역할을 수행하며 팀의 목표 달성에 기여한 경험은 저에게 큰 자산이 되었습니다. 앞으로도 끊임없이 배우고 성장하며, 팀과 함께 더 나은 결과를 만들어가는 일에 최선을 다할 것입니다."
        },
        {
          "SFID_IEM_SN": 3,
          "SFID_SJNM": "",
          "SFID_IEM_SECD": "01",
          "DS_SFID_IEM_SECD": "나의가족",
          "SFID_IEM_SJNM": "가족의 유대감이 저에게 팀워크와 책임감을 심어주었습니다.",
          "SELF_INTRO_CONT": "저는 가족과의 소중한 유대감을 통해 팀워크와 책임감의 중요성을 배웠습니다. 부모님은 항상 저에게 자신감을 주셨고, 형제자매와 함께 성장하며 서로의 문제를 함께 해결하는 법을 익혔습니다. 이러한 경험은 저의 인생에 큰 영향을 미쳤고, 협력의 가치를 깨닫게 해주었습니다. 가족은 저에게 도전과 어려움을 극복하는 힘을 주었으며, 그 과정에서 저는 더 나은 사람으로 성장할 수 있었습니다. 앞으로도 가족과의 관계를 바탕으로, 다양한 사람들과의 협업에서 긍정적인 영향을 미치며 함께 발전해 나가고 싶습니다."
        }
      ]
    }
  ]
}