{
  "SEEK_CUST_NO": "4058688201051",
  "CONTENTS": [
    {
      "SFID_NO": 1,
      "BASS_SFID_YN": "Y",
      "COVERLETER_CONTENTS": [
        {
          "SFID_IEM_SN": 0,
          "SFID_SJNM": "OOO님의 자기소개서 입니다.",
          "SFID_IEM_SECD": "03",
          "DS_SFID_IEM_SECD": "주요활동",
          "SFID_IEM_SJNM": "팀워크와 문제 해결 능력을 통해 성장한 경험을 갖추었습니다.",
          "SELF_INTRO_CONT": "대학 시절, 동아리 활동을 통해 팀워크와 문제 해결 능력을 키웠습니다. 프로젝트를 진행하며 다양한 의견을 조율하고, 각자의 강점을 살려 역할을 분담했습니다. 특히, 한 번은 중요한 발표를 앞두고 예상치 못한 기술적 문제에 직면했으나, 팀원들과의 긴밀한 협력을 통해 신속하게 해결책을 마련했습니다. 이 과정에서 책임감을 느끼며, 결과적으로 발표는 성공적으로 마무리되었습니다. 이러한 경험은 저에게 공동의 목표를 위해 협력하는 것의 중요성과 문제를 해결하는 능력을 배양하는 데 큰 도움이 되었습니다. 또한, 실패와 성공을 통해 지속적으로 성장할 수 있는 기회를 얻었습니다."
        },
        {
          "SFID_IEM_SN": 1,
          "SFID_SJNM": "",
          "SFID_IEM_SECD": "02",
          "DS_SFID_IEM_SECD": "학창생활",
          "SFID_IEM_SJNM": "팀워크와 문제 해결 능력을 통해 성장한 경험을 가지고 있습니다.",
          "SELF_INTRO_CONT": "학창 시절, 다양한 활동을 통해 팀워크와 문제 해결 능력을 키웠습니다. 특히, 학급 대표로서 여러 프로젝트를 진행하며 친구들과 협력해 목표를 달성하는 기쁨을 느꼈습니다. 이러한 경험은 저에게 책임감을 심어주었고, 어려운 상황에서도 해결책을 찾는 데 집중할 수 있는 힘을 주었습니다. 또한, 동아리 활동을 통해 서로 다른 의견을 존중하고 조율하는 방법을 배우며 성장할 수 있었습니다. 이 모든 경험은 저의 인성과 능력을 발전시키는 데 큰 도움이 되었고, 앞으로의 도전에서도 이러한 배움을 바탕으로 성과를 이루고자 합니다."
        },
        {
          "SFID_IEM_SN": 2,
          "SFID_SJNM": "",
          "SFID_IEM_SECD": "02",
          "DS_SFID_IEM_SECD": "학창생활",
          "SFID_IEM_SJNM": "팀워크와 문제 해결 능력을 통해 성장한 경험을 가지고 있습니다.",
          "SELF_INTRO_CONT": "학창 시절, 다양한 활동을 통해 팀워크와 문제 해결 능력을 키웠습니다. 특히, 학급 대표로서 여러 프로젝트를 진행하며 친구들과 협력해 목표를 달성하는 기쁨을 느꼈습니다. 이러한 경험은 저에게 책임감을 심어주었고, 어려운 상황에서도 해결책을 찾는 데 집중할 수 있는 힘을 주었습니다. 또한, 동아리 활동을 통해 서로 다른 의견을 존중하고 조율하는 방법을 배우며 성장할 수 있었습니다. 이 모든 경험은 저의 인성과 능력을 발전시키는 데 큰 도움이 되었고, 앞으로의 도전에서도 이러한 배움을 바탕으로 성과를 이루고자 합니다."
        },
        {
          "SFID_IEM_SN": 3,
          "SFID_SJNM": "",
          "SFID_IEM_SECD": "07",
          "DS_SFID_IEM_SECD": "나의 특장점",
          "SFID_IEM_SJNM": "팀워크와 문제 해결 능력으로 조직에 기여하고자 합니다",
          "SELF_INTRO_CONT": "저는 다양한 경험을 통해 쌓은 팀워크와 문제 해결 능력을 강점으로 삼고 있습니다. 대학 시절, 여러 프로젝트에서 팀원으로 활동하며 서로의 의견을 존중하고 조율하는 과정에서 협업의 중요성을 깨달았습니다. 또한, 예상치 못한 문제에 직면했을 때는 침착하게 상황을 분석하고, 팀원들과 함께 해결책을 모색하여 성공적으로 프로젝트를 마무리한 경험이 있습니다. 이러한 경험은 저에게 책임감을 더욱 강화시켰고, 지속적인 성장의 기회를 제공했습니다. 앞으로도 이러한 특장점을 바탕으로 조직에 기여하며 함께 발전해 나가고자 합니다."
        }
      ]
    },
    {
      "SFID_NO": 2,
      "BASS_SFID_YN": "N",
      "COVERLETER_CONTENTS": [
        {
          "SFID_IEM_SN": 0,
          "SFID_SJNM": "OOO님의 자기소개서 입니다.",
          "SFID_IEM_SECD": "10",
          "DS_SFID_IEM_SECD": "입사 후 포부",
          "SFID_IEM_SJNM": "협력과 소통으로 팀의 시너지를 극대화하겠습니다",
          "SELF_INTRO_CONT": "입사 후, 저는 팀의 일원으로서 협력과 소통을 통해 시너지를 창출하고 싶습니다. 다양한 문제 해결 경험을 바탕으로, 발생하는 이슈에 대해 적극적으로 접근하며 실질적인 해결책을 제시하겠습니다. 또한, 지속적인 자기 개발을 통해 변화하는 시장에 발맞추고, 회사의 성장에 기여할 수 있는 전문가로 성장하겠습니다. 책임감을 가지고 맡은 바 업무를 수행하며, 동료들과 함께 목표를 달성하는 과정에서 신뢰를 쌓고 긍정적인 조직 문화를 만들어 나가겠습니다."
        },
        {
          "SFID_IEM_SN": 1,
          "SFID_SJNM": "",
          "SFID_IEM_SECD": "07",
          "DS_SFID_IEM_SECD": "나의 특장점",
          "SFID_IEM_SJNM": "팀워크와 문제 해결 능력으로 조직에 기여하고자 합니다",
          "SELF_INTRO_CONT": "저는 다양한 경험을 통해 쌓은 팀워크와 문제 해결 능력을 강점으로 삼고 있습니다. 대학 시절, 여러 프로젝트에서 팀원으로 활동하며 서로의 의견을 존중하고 조율하는 과정에서 협업의 중요성을 깨달았습니다. 또한, 예상치 못한 문제에 직면했을 때는 침착하게 상황을 분석하고, 팀원들과 함께 해결책을 모색하여 성공적으로 프로젝트를 마무리한 경험이 있습니다. 이러한 경험은 저에게 책임감을 더욱 강화시켰고, 지속적인 성장의 기회를 제공했습니다. 앞으로도 이러한 특장점을 바탕으로 조직에 기여하며 함께 발전해 나가고자 합니다."
        },
        {
          "SFID_IEM_SN": 2,
          "SFID_SJNM": "",
          "SFID_IEM_SECD": "08",
          "DS_SFID_IEM_SECD": "성격의 장단점",
          "SFID_IEM_SJNM": "협력을 통해 성장하며 팀의 성과에 기여하고 있습니다",
          "SELF_INTRO_CONT": "저는 긍정적이고 적극적인 성격을 가지고 있어 팀워크를 중요시하며, 언제나 동료들과의 협력을 통해 문제를 해결하려고 노력합니다. 이러한 태도 덕분에 다양한 상황에서도 원활하게 소통하고 조율할 수 있었습니다. 그러나 가끔은 지나치게 책임감을 느껴 혼자서 모든 일을 해결하려고 하는 경향이 있어, 이로 인해 스트레스를 받을 때가 있습니다. 이를 극복하기 위해 팀원들에게 도움을 요청하고 의견을 나누는 연습을 하고 있습니다. 이러한 과정은 저의 성장뿐만 아니라 팀의 성과에도 긍정적인 영향을 미치고 있습니다. 앞으로도 이러한 장점을 살리고 단점을 보완하여 더욱 발전하는 인재가 되겠습니다."
        },
        {
          "SFID_IEM_SN": 3,
          "SFID_SJNM": "",
          "SFID_IEM_SECD": "09",
          "DS_SFID_IEM_SECD": "지원동기",
          "SFID_IEM_SJNM": "팀워크와 책임감을 바탕으로 혁신을 추구하고 있습니다.",
          "SELF_INTRO_CONT": "저는 항상 팀워크와 문제 해결을 통해 성장하는 것을 중요하게 생각해왔습니다. 이 과정에서 다양한 경험을 쌓으며 책임감을 기르게 되었고, 이를 통해 더욱 효과적으로 목표를 달성할 수 있었습니다. 지원하게 된 이유는 귀사의 비전과 가치가 저의 신념과 일치하기 때문입니다. 특히, 협업을 통해 혁신적인 해결책을 모색하고, 지속적으로 발전하는 환경에서 제 역량을 발휘하고 싶습니다. 함께 일하며 더 나은 결과를 만들어가는 과정에 기여하고 싶습니다."
        }
      ]
    }
  ]
}