{
  "SEEK_CUST_NO": "2125419957430",
  "CONTENTS": [
    {
      "SFID_NO": 1,
      "BASS_SFID_YN": "Y",
      "COVERLETER_CONTENTS": [
        {
          "SFID_IEM_SN": 0,
          "SFID_SJNM": "OOO님의 자기소개서 입니다.",
          "SFID_IEM_SECD": "06",
          "DS_SFID_IEM_SECD": "경력 및 업무경험",
          "SFID_IEM_SJNM": "팀워크와 책임감을 바탕으로 성장하는 전문가입니다",
          "SELF_INTRO_CONT": "저는 다양한 프로젝트에서 팀원으로서의 역할을 충실히 수행하며, 문제 해결 능력을 키워왔습니다. 이전 직장에서 진행한 제품 개발 프로젝트에서는 팀과의 원활한 소통을 통해 고객의 요구사항을 정확히 반영하여 최종 결과물의 품질을 높였습니다. 이 과정에서 발생한 여러 문제를 팀원들과 협력하여 해결하며, 책임감을 갖고 업무에 임했습니다. 또한, 프로젝트 종료 후 피드백을 통해 개인의 성장뿐만 아니라 팀의 역량도 강화할 수 있었습니다. 이러한 경험들은 앞으로의 업무에서도 팀워크와 책임감을 바탕으로 더욱 발전하는 데 큰 도움이 될 것입니다."
        },
        {
          "SFID_IEM_SN": 1,
          "SFID_SJNM": "",
          "SFID_IEM_SECD": "06",
          "DS_SFID_IEM_SECD": "경력 및 업무경험",
          "SFID_IEM_SJNM": "팀워크와 책임감을 바탕으로 성장하는 전문가입니다",
          "SELF_INTRO_CONT": "저는 다양한 프로젝트에서 팀원으로서의 역할을 충실히 수행하며, 문제 해결 능력을 키워왔습니다. 이전 직장에서 진행한 제품 개발 프로젝트에서는 팀과의 원활한 소통을 통해 고객의 요구사항을 정확히 반영하여 최종 결과물의 품질을 높였습니다. 이 과정에서 발생한 여러 문제를 팀원들과 협력하여 해결하며, 책임감을 갖고 업무에 임했습니다. 또한, 프로젝트 종료 후 피드백을 통해 개인의 성장뿐만 아니라 팀의 역량도 강화할 수 있었습니다. 이러한 경험들은 앞으로의 업무에서도 팀워크와 책임감을 바탕으로 더욱 발전하는 데 큰 도움이 될 것입니다."
        },
        {
          "SFID_IEM_SN": 2,
          "SFID_SJNM": "",
          "SFID_IEM_SECD": "01",
          "DS_SFID_IEM_SECD": "나의가족",
          "SFID_IEM_SJNM": "가족의 유대감이 저에게 팀워크와 책임감을 심어주었습니다.",
          "SELF_INTRO_CONT": "저는 가족과의 소중한 유대감을 통해 팀워크와 책임감의 중요성을 배웠습니다. 부모님은 항상 저에게 자신감을 주셨고, 형제자매와 함께 성장하며 서로의 문제를 함께 해결하는 법을 익혔습니다. 이러한 경험은 저의 인생에 큰 영향을 미쳤고, 협력의 가치를 깨닫게 해주었습니다. 가족은 저에게 도전과 어려움을 극복하는 힘을 주었으며, 그 과정에서 저는 더 나은 사람으로 성장할 수 있었습니다. 앞으로도 가족과의 관계를 바탕으로, 다양한 사람들과의 협업에서 긍정적인 영향을 미치며 함께 발전해 나가고 싶습니다."
        }
      ]
    }
  ]
}