{
  "SEEK_CUST_NO": "8876999400091",
  "CONTENTS": [
    {
      "SFID_NO": 1,
      "BASS_SFID_YN": "Y",
      "COVERLETER_CONTENTS": [
        {
          "SFID_IEM_SN": 0,
          "SFID_SJNM": "OOO님의 자기소개서 입니다.",
          "SFID_IEM_SECD": "01",
          "DS_SFID_IEM_SECD": "나의가족",
          "SFID_IEM_SJNM": "가족의 유대감이 저에게 팀워크와 책임감을 심어주었습니다.",
          "SELF_INTRO_CONT": "저는 가족과의 소중한 유대감을 통해 팀워크와 책임감의 중요성을 배웠습니다. 부모님은 항상 저에게 자신감을 주셨고, 형제자매와 함께 성장하며 서로의 문제를 함께 해결하는 법을 익혔습니다. 이러한 경험은 저의 인생에 큰 영향을 미쳤고, 협력의 가치를 깨닫게 해주었습니다. 가족은 저에게 도전과 어려움을 극복하는 힘을 주었으며, 그 과정에서 저는 더 나은 사람으로 성장할 수 있었습니다. 앞으로도 가족과의 관계를 바탕으로, 다양한 사람들과의 협업에서 긍정적인 영향을 미치며 함께 발전해 나가고 싶습니다."
        },
        {
          "SFID_IEM_SN": 1,
          "SFID_SJNM": "",
          "SFID_IEM_SECD": "02",
          "DS_SFID_IEM_SECD": "학창생활",
          "SFID_IEM_SJNM": "팀워크와 문제 해결 능력을 통해 성장한 경험을 가지고 있습니다.",
          "SELF_INTRO_CONT": "학창 시절, 다양한 활동을 통해 팀워크와 문제 해결 능력을 키웠습니다. 특히, 학급 대표로서 여러 프로젝트를 진행하며 친구들과 협력해 목표를 달성하는 기쁨을 느꼈습니다. 이러한 경험은 저에게 책임감을 심어주었고, 어려운 상황에서도 해결책을 찾는 데 집중할 수 있는 힘을 주었습니다. 또한, 동아리 활동을 통해 서로 다른 의견을 존중하고 조율하는 방법을 배우며 성장할 수 있었습니다. 이 모든 경험은 저의 인성과 능력을 발전시키는 데 큰 도움이 되었고, 앞으로의 도전에서도 이러한 배움을 바탕으로 성과를 이루고자 합니다."
        },
        {
          "SFID_IEM_SN": 2,
          "SFID_SJNM": "",
          "SFID_IEM_SECD": "10",
          "DS_SFID_IEM_SECD": "입사 후 포부",
          "SFID_IEM_SJNM": "협력과 소통으로 팀의 시너지를 극대화하겠습니다",
          "SELF_INTRO_CONT": "입사 후, 저는 팀의 일원으로서 협력과 소통을 통해 시너지를 창출하고 싶습니다. 다양한 문제 해결 경험을 바탕으로, 발생하는 이슈에 대해 적극적으로 접근하며 실질적인 해결책을 제시하겠습니다. 또한, 지속적인 자기 개발을 통해 변화하는 시장에 발맞추고, 회사의 성장에 기여할 수 있는 전문가로 성장하겠습니다. 책임감을 가지고 맡은 바 업무를 수행하며, 동료들과 함께 목표를 달성하는 과정에서 신뢰를 쌓고 긍정적인 조직 문화를 만들어 나가겠습니다."
        }
      ]
    },
    {
      "SFID_NO": 2,
      "BASS_SFID_YN": "N",
      "COVERLETER_CONTENTS": [
        {
          "SFID_IEM_SN": 0,
          "SFID_SJNM": "OOO님의 자기소개서 입니다.",
          "SFID_IEM_SECD": "01",
          "DS_SFID_IEM_SECD": "나의가족",
          "SFID_IEM_SJNM": "가족의 유대감이 저에게 팀워크와 책임감을 심어주었습니다.",
          "SELF_INTRO_CONT": "저는 가족과의 소중한 유대감을 통해 팀워크와 책임감의 중요성을 배웠습니다. 부모님은 항상 저에게 자신감을 주셨고, 형제자매와 함께 성장하며 서로의 문제를 함께 해결하는 법을 익혔습니다. 이러한 경험은 저의 인생에 큰 영향을 미쳤고, 협력의 가치를 깨닫게 해주었습니다. 가족은 저에게 도전과 어려움을 극복하는 힘을 주었으며, 그 과정에서 저는 더 나은 사람으로 성장할 수 있었습니다. 앞으로도 가족과의 관계를 바탕으로, 다양한 사람들과의 협업에서 긍정적인 영향을 미치며 함께 발전해 나가고 싶습니다."
        },
        {
          "SFID_IEM_SN": 1,
          "SFID_SJNM": "",
          "SFID_IEM_SECD": "02",
          "DS_SFID_IEM_SECD": "학창생활",
          "SFID_IEM_SJNM": "팀워크와 문제 해결 능력을 통해 성장한 경험을 가지고 있습니다.",
          "SELF_INTRO_CONT": "학창 시절, 다양한 활동을 통해 팀워크와 문제 해결 능력을 키웠습니다. 특히, 학급 대표로서 여러 프로젝트를 진행하며 친구들과 협력해 목표를 달성하는 기쁨을 느꼈습니다. 이러한 경험은 저에게 책임감을 심어주었고, 어려운 상황에서도 해결책을 찾는 데 집중할 수 있는 힘을 주었습니다. 또한, 동아리 활동을 통해 서로 다른 의견을 존중하고 조율하는 방법을 배우며 성장할 수 있었습니다. 이 모든 경험은 저의 인성과 능력을 발전시키는 데 큰 도움이 되었고, 앞으로의 도전에서도 이러한 배움을 바탕으로 성과를 이루고자 합니다."
        },
        {
          "SFID_IEM_SN": 2,
          "SFID_SJNM": "",
          "SFID_IEM_SECD": "01",
          "DS_SFID_IEM_SECD": "나의가족",
          "SFID_IEM_SJNM": "가족의 유대감이 저에게 팀워크와 책임감을 심어주었습니다.",
          "SELF_INTRO_CONT": "저는 가족과의 소중한 유대감을 통해 팀워크와 책임감의 중요성을 배웠습니다. 부모님은 항상 저에게 자신감을 주셨고, 형제자매와 함께 성장하며 서로의 문제를 함께 해결하는 법을 익혔습니다. 이러한 경험은 저의 인생에 큰 영향을 미쳤고, 협력의 가치를 깨닫게 해주었습니다. 가족은 저에게 도전과 어려움을 극복하는 힘을 주었으며, 그 과정에서 저는 더 나은 사람으로 성장할 수 있었습니다. 앞으로도 가족과의 관계를 바탕으로, 다양한 사람들과의 협업에서 긍정적인 영향을 미치며 함께 발전해 나가고 싶습니다."
        },
        {
          "SFID_IEM_SN": 3,
          "SFID_SJNM": "",
          "SFID_IEM_SECD": "09",
          "DS_SFID_IEM_SECD": "지원동기",
          "SFID_IEM_SJNM": "팀워크와 책임감을 바탕으로 혁신을 추구하고 있습니다.",
          "SELF_INTRO_CONT": "저는 항상 팀워크와 문제 해결을 통해 성장하는 것을 중요하게 생각해왔습니다. 이 과정에서 다양한 경험을 쌓으며 책임감을 기르게 되었고, 이를 통해 더욱 효과적으로 목표를 달성할 수 있었습니다. 지원하게 된 이유는 귀사의 비전과 가치가 저의 신념과 일치하기 때문입니다. 특히, 협업을 통해 혁신적인 해결책을 모색하고, 지속적으로 발전하는 환경에서 제 역량을 발휘하고 싶습니다. 함께 일하며 더 나은 결과를 만들어가는 과정에 기여하고 싶습니다."
        }
      ]
    }
  ]
}