JHNT_MBN,JHNT_CTN,FRFT_AFTR_JHNT_REQR_DYCT,JHNT_RQUT_CHNL_SECD,INFO_OTPB_GRAD_CD,MDTN_HOPE_GRD_CD,IDIF_AOFR_YN,EMAIL_RCYN,DSPT_LABR_YN,COMM_WAGE_TYCD,HOPE_WAGE_SM_AMT,AFIV_RDJT_PSBL_YN,HOPE_JSCD1,HOPE_JSCD2,HOPE_JSCD3,HPAR_CD1,HPAR_CD2,HPAR_CD3,CYC1,CARR_MYCT1,CYC2,CARR_MYCT2,CYC3,CARR_MYCT3,ACCR_STCD,ACCR_CD,DRV_PSBL_YN,AGE,SAEIL_CNTC_AGRE_YN,SHRS_IDIF_AOFR_YN,SULC_IDIF_AOFR_YN,IDIF_IQRY_AGRE_YN,DLY_LABR_HOPE_YN,RQAG_HOPE_YN,SHSY_YN,MDTN_HOPE_YN,JHNT_PPOS_CD,SXDS_CD,SMS_RCYN,EMAIL_OTPB_YN,MPNO_OTPB_YN,MAJR_CD1,BFR_WTM6_JHCR_CT,BFR_UEPS_RECP_CT,UEPS_RECP_YN,BFR_EJAP_CT,SFID_WRTN_AFTR_ELPS_DYCT,SFID_IEM_NUM,SFID_LTTR_NUM,BFR_PSIS_ELPS_DYCT,BFR_RLTY_SNSC,BFR_IVTG_SNSC,BFR_ARTY_SNSC,BFR_SCTY_SNSC,BFR_EPTY_SNSC,BFR_CSTP_SNSC,BFR_INTS_CD2,AREA_CD,HPAR_CSCY_SCOR,BFR_OCTR_YN,BFR_OCTR_CT,KECO_CD1,OCTR_HOPE_JSFC_CSCY_SCOR1,OCTR_HOPE_JSFC_CSCY_SCOR2,IPS_IRDS_NMPR,JBHT_NMPR,RCIT_NMPR,JO_DRNG_RATE,AVG_OTIO_MYAV_RMNT_AMT,AVG_HOPE_WAGE_SM_AMT,CRQF_CT,ACQ_180_YN,ACQ_DT,MATCH_L_YN,MATCH_M_YN,MATCH_S_YN,LAST_JSCD,SEEK_CUST_NO,CRSE_ID
502725,736876,2,고용24,0,필요,1,1,1,상용,5,1,109,439,344,28721,98932,71784,15,45,54,29,66,99,중퇴,(2/4년제) 대학,0,84,0,1,0,1,1,1,1,0,직업훈련,여,0,0,0,214,75,1,99,17,360,15,94,339,12,89,52,2,66,83,CA,15508,시도 일치,0,98,9664,중분류 일치,소분류 일치,24,87,28,0.795,10,6,27,0,29,0,1,1,525,243,64461569069418729
995012,581715,10,고용24,1,필요,1,0,1,일용,17,0,170,255,772,67709,82774,27468,11,23,91,70,66,4,중퇴,(2/4년제) 대학,1,75,0,0,0,1,1,1,1,1,직업훈련,여,0,0,0,890,98,46,11,17,246,80,29,73,17,70,76,83,14,19,IS,40529,시군구 일치,1,76,6010,대분류 일치,대분류 일치,55,99,11,0.419,73,39,65,1,11,1,0,1,809,799,33091149255113564
993324,761073,13,온라인,1,필요,0,1,0,일용,58,0,403,343,642,48214,60408,70460,51,66,5,3,49,8,졸업,고등학교,1,64,1,1,0,0,1,0,0,1,구직급여,남,1,0,1,541,6,62,46,58,232,87,69,325,30,64,99,3,6,91,CA,77966,시도 일치,0,81,1119,소분류 일치,소분류 일치,54,19,43,0.905,68,7,71,1,25,1,0,1,388,412,16514797298539507
443808,614348,24,고용24,1,불필요,0,0,0,일용,77,1,268,435,185,83905,24825,72232,7,47,48,8,2,58,중퇴,고등학교,0,4,1,1,0,0,1,0,0,1,구직급여,남,0,1,1,122,48,82,64,56,53,44,61,352,63,55,7,6,37,12,IS,49229,시군구 일치,0,37,1781,소분류 일치,대분류 일치,32,81,88,0.681,25,11,5,1,38,0,0,1,815,440,30696939908864922
958229,867683,89,오프라인,0,필요,1,0,1,일용,62,1,941,353,357,21536,43463,25698,59,29,53,95,41,44,중퇴,4년제 대학,0,74,1,0,0,1,0,1,1,0,직업훈련,여,0,0,0,219,38,95,66,75,301,19,52,79,94,33,83,56,83,65,IS,10589,시도 일치,0,97,2669,중분류 일치,중분류 일치,57,63,26,0.046,78,49,24,0,36,1,1,0,471,884,63690232213469385
844433,398414,88,온라인,0,필요,1,0,0,상용,100,0,795,843,247,30657,11409,96536,52,47,97,94,93,20,졸업,고등학교,0,22,0,1,0,1,0,0,0,0,직업훈련,여,1,1,1,991,49,17,1,39,361,26,25,174,3,52,0,87,52,83,CA,15786,시군구 일치,0,84,5908,중분류 일치,중분류 일치,72,81,32,0.337,2,84,41,1,85,0,1,0,438,830,12162305104381079
675507,561024,66,온라인,0,불필요,0,1,0,일용,13,0,403,829,844,62818,54885,22221,76,92,45,73,6,77,재학,(2/4년제) 대학,1,82,1,0,1,0,1,0,1,0,직업훈련,남,1,1,0,131,74,48,17,68,359,46,32,167,47,62,14,49,77,42,IS,94244,시군구 일치,0,4,6977,대분류 일치,소분류 일치,15,5,54,0.519,100,31,80,0,19,1,0,1,344,404,21750519078122222
853529,596915,81,고용24,1,필요,1,0,0,상용,59,0,782,429,553,27018,26493,50205,94,91,36,31,3,32,졸업,(2/4년제) 대학,0,46,1,1,1,0,1,1,0,0,직업훈련,여,0,1,0,295,13,53,21,51,252,48,76,298,58,41,71,86,27,19,CA,11829,시군구 일치,0,96,4590,대분류 일치,중분류 일치,30,37,80,0.903,16,89,57,0,44,1,0,0,263,426,85269675256712755
789636,972639,50,고용24,1,불필요,1,0,1,상용,64,1,680,722,106,40916,63190,45550,45,62,78,4,88,99,졸업,(2/4년제) 대학,0,39,0,0,1,1,0,0,1,1,직업훈련,여,0,0,1,756,95,36,91,8,134,72,35,69,34,50,35,96,27,97,CA,51705,시군구 일치,1,8,4713,중분류 일치,소분류 일치,15,17,39,0.675,97,52,29,1,20,0,0,0,800,273,14944463050034530
978228,245940,58,오프라인,0,불필요,1,0,0,일용,81,1,765,142,457,57533,83204,68847,25,65,18,8,91,27,재학,(2/4년제) 대학,1,56,1,0,1,0,0,1,1,0,구직급여,남,0,1,1,129,74,77,53,23,290,42,42,259,40,74,67,17,52,91,CA,94777,시도 일치,1,25,6183,중분류 일치,소분류 일치,23,57,40,0.672,61,43,46,0,70,0,1,0,669,515,55872714947935247
447598,904628,6,온라인,0,필요,1,0,0,일용,4,1,499,322,850,39434,45606,60420,61,84,7,10,7,82,졸업,(2/4년제) 대학,1,4,1,1,0,1,1,1,1,1,취업알선,여,1,1,0,462,73,22,59,82,90,45,93,318,49,6,14,44,57,63,IS,56222,시도 일치,1,55,3015,소분류 일치,중분류 일치,26,69,42,0.813,88,71,97,1,13,1,1,1,216,979,52349426103609799
169502,742593,27,오프라인,0,필요,1,0,0,일용,47,1,618,333,935,92768,11651,39591,34,80,14,4,10,5,졸업,(2/4년제) 대학,0,77,0,1,0,1,1,0,1,1,직업훈련,여,1,0,1,572,78,82,60,22,271,37,46,137,23,35,19,92,43,63,CA,10276,시도 일치,0,92,4768,대분류 일치,중분류 일치,0,91,57,0.464,3,29,44,0,68,0,1,1,908,764,98658694325439334
509322,886192,33,고용24,1,필요,0,0,1,상용,65,1,689,450,208,50086,97862,43899,11,19,94,90,94,13,중퇴,4년제 대학,0,12,1,1,1,1,1,1,1,1,취업알선,남,1,1,1,856,88,17,49,32,199,7,81,125,78,43,66,35,100,47,CA,90552,시군구 일치,1,0,7611,소분류 일치,중분류 일치,52,57,3,0.731,17,90,49,1,13,0,0,0,819,548,55687618783242694
385710,306340,66,고용24,0,불필요,1,1,1,일용,44,0,572,748,573,94747,50498,50677,92,43,7,6,74,69,재학,고등학교,1,41,1,1,0,0,0,0,1,1,직업훈련,남,0,0,1,336,57,97,21,93,265,44,74,12,50,21,32,95,64,42,CA,62622,시군구 일치,0,59,7194,소분류 일치,중분류 일치,85,38,97,0.784,33,15,100,0,39,1,1,0,938,774,61764324452381863
538426,979551,37,오프라인,0,필요,1,0,0,일용,68,0,896,925,261,16555,12454,19703,64,81,16,97,38,52,재학,고등학교,1,43,1,1,0,1,1,0,0,1,취업알선,여,0,0,0,209,18,9,59,80,190,12,75,154,96,60,9,55,5,53,IS,23648,시도 일치,1,97,6555,대분류 일치,중분류 일치,88,20,66,0.051,13,4,19,0,73,1,0,1,918,515,85107053700538811
927599,395951,65,온라인,0,필요,0,1,0,일용,21,1,711,551,700,12492,28107,10225,50,75,95,21,85,47,중퇴,4년제 대학,1,10,0,0,1,1,1,1,1,1,구직급여,남,1,1,1,593,39,23,78,21,49,43,40,160,52,37,8,66,11,45,CA,23405,시도 일치,0,53,1795,소분류 일치,대분류 일치,75,78,24,0.905,17,76,8,1,55,0,0,0,306,465,11012828301635197
969018,538074,87,온라인,1,필요,1,1,1,상용,23,1,440,458,613,85318,64592,31164,3,41,86,92,38,79,중퇴,고등학교,1,97,1,0,1,0,0,1,0,0,취업알선,남,1,1,1,605,0,57,17,28,346,24,91,110,62,85,93,21,49,87,CA,27965,시군구 일치,1,53,2602,대분류 일치,대분류 일치,16,74,30,0.008,37,24,19,1,66,0,0,0,732,339,59495056995961154
708282,187171,60,고용24,0,필요,1,0,1,상용,58,1,549,458,307,25783,17800,57202,98,68,29,75,37,5,중퇴,고등학교,0,16,0,0,1,0,1,1,0,1,직업훈련,여,0,1,0,996,79,58,13,41,311,54,53,94,5,36,3,6,32,62,CA,84433,시도 일치,1,56,2860,중분류 일치,소분류 일치,19,54,83,0.309,35,12,90,1,71,0,1,0,848,351,19077980427391307
672069,274910,67,고용24,0,필요,0,0,0,일용,65,0,757,846,605,18641,27064,37342,0,75,98,22,33,35,졸업,4년제 대학,0,64,1,1,0,1,1,0,0,0,구직급여,남,0,0,1,839,58,6,41,67,135,45,79,89,94,7,20,26,87,63,CA,20586,시도 일치,1,51,5406,소분류 일치,소분류 일치,63,90,64,0.083,68,85,46,0,38,0,0,0,277,203,56886133199381248
357242,261171,0,온라인,1,불필요,0,1,1,상용,81,0,198,955,105,19289,33563,15126,80,62,100,36,25,51,재학,고등학교,1,83,0,1,1,1,0,0,0,1,취업알선,여,1,1,0,436,17,99,72,79,277,65,26,226,23,82,52,59,81,53,IS,79464,시도 일치,0,5,4479,대분류 일치,소분류 일치,40,30,72,0.286,16,68,73,0,24,1,1,1,574,884,49518801487553783
113528,451273,23,오프라인,0,불필요,0,0,1,일용,75,1,560,782,174,59202,31334,19185,42,64,11,89,31,5,재학,고등학교,1,10,0,1,0,1,0,0,0,0,구직급여,여,0,1,1,146,28,27,73,5,29,21,81,364,38,71,51,76,45,66,CA,65442,시도 일치,1,18,6815,중분류 일치,소분류 일치,4,53,29,0.585,46,84,71,1,72,1,1,1,688,197,56142232447341969
450588,157826,29,오프라인,0,필요,1,1,1,상용,13,0,808,694,682,92881,21476,28480,0,7,43,2,47,38,졸업,4년제 대학,1,42,1,0,0,1,0,0,0,1,구직급여,남,0,1,0,916,71,54,83,41,280,16,32,61,26,94,44,27,54,93,CA,57427,시군구 일치,1,17,3967,대분류 일치,중분류 일치,92,57,41,0.241,8,0,31,1,42,1,1,0,892,204,39684605526648280
508889,821464,21,온라인,0,필요,1,1,1,상용,43,1,802,351,227,92264,43144,27161,52,27,46,24,48,68,재학,4년제 대학,1,94,1,1,1,0,1,1,1,0,구직급여,남,0,1,1,232,57,30,25,40,260,30,28,257,44,1,50,56,89,55,IS,53624,시군구 일치,1,55,6850,소분류 일치,대분류 일치,99,85,52,0.032,86,70,91,0,6,0,0,1,804,296,88096489248893170
307197,391319,45,온라인,0,필요,0,1,0,상용,32,1,994,382,399,69041,56484,28202,24,96,18,89,26,59,재학,고등학교,0,86,1,0,0,0,1,0,0,1,구직급여,남,0,1,0,847,64,16,64,36,360,67,76,193,57,48,26,77,56,30,IS,61544,시군구 일치,0,87,4295,대분류 일치,중분류 일치,97,84,3,0.093,27,70,3,0,70,1,1,1,324,392,28012625209408995
815354,895759,54,온라인,0,불필요,1,0,1,일용,29,0,689,698,671,67149,12386,18389,78,98,51,58,20,14,중퇴,4년제 대학,0,37,1,1,0,1,0,1,1,0,직업훈련,여,0,1,0,882,30,38,57,92,77,86,6,260,39,78,69,11,78,16,CA,64111,시도 일치,0,43,8245,중분류 일치,대분류 일치,53,50,18,0.594,33,80,92,1,65,0,0,1,880,466,50596552792365091
250265,197565,73,오프라인,1,불필요,0,1,1,일용,50,1,926,815,376,24401,45599,67064,43,70,32,65,60,86,재학,4년제 대학,1,16,0,1,1,0,1,0,1,0,직업훈련,여,1,0,1,538,0,8,65,81,89,15,91,50,89,90,50,75,44,33,IS,86860,시도 일치,1,66,6550,소분류 일치,소분류 일치,85,92,30,0.468,49,60,100,1,44,1,0,0,634,391,51282762470444946
531780,974390,33,온라인,1,불필요,1,0,1,일용,5,1,161,366,796,64308,73597,19963,7,45,38,52,60,57,졸업,(2/4년제) 대학,0,12,1,1,0,1,0,0,0,1,구직급여,여,1,0,0,746,21,50,67,97,341,45,63,337,18,89,90,53,48,68,CA,23583,시도 일치,1,5,4210,대분류 일치,중분류 일치,15,42,33,0.051,76,0,5,1,42,0,0,0,240,299,82200418534081367
238092,581132,56,오프라인,0,불필요,1,1,0,일용,14,0,530,814,570,97126,29513,84214,73,12,15,68,100,6,재학,(2/4년제) 대학,0,61,1,1,0,1,0,1,1,0,구직급여,여,0,1,1,384,91,48,91,36,112,53,55,305,26,49,49,21,49,77,CA,94280,시도 일치,1,32,4674,중분류 일치,소분류 일치,39,77,98,0.967,21,7,22,1,73,1,1,0,489,795,75477177040247581
412887,305210,64,오프라인,1,불필요,0,1,0,일용,18,0,941,690,421,88130,45294,88218,68,29,55,6,46,55,재학,(2/4년제) 대학,0,63,0,0,0,0,1,1,1,1,취업알선,남,0,0,1,897,0,52,72,36,111,20,39,295,20,86,36,99,5,12,IS,72774,시도 일치,1,39,7374,대분류 일치,소분류 일치,44,57,85,0.751,59,37,60,1,52,0,0,0,451,967,92810511436541682
976682,714420,36,오프라인,1,불필요,0,0,1,상용,58,1,590,368,564,95483,54699,29148,91,60,65,62,96,79,졸업,(2/4년제) 대학,1,3,0,0,0,1,1,1,1,1,취업알선,남,0,0,1,499,9,89,57,64,200,54,49,13,85,48,57,37,56,51,CA,58558,시도 일치,0,9,1440,대분류 일치,대분류 일치,29,48,77,0.33,96,12,27,0,2,0,1,0,994,870,73712644110752696
701832,791345,63,온라인,0,필요,1,1,1,일용,46,0,468,108,680,72770,14893,91690,51,87,77,92,5,29,중퇴,4년제 대학,0,62,1,0,1,1,0,0,0,1,취업알선,남,1,1,0,854,82,21,16,85,59,90,33,110,47,21,73,35,34,0,CA,97249,시군구 일치,0,46,9239,대분류 일치,중분류 일치,82,95,53,0.092,40,9,50,0,36,1,1,1,237,686,85829673826411703
481506,965193,81,고용24,1,불필요,1,0,1,상용,50,1,727,660,809,85206,23736,27610,89,37,95,30,44,89,졸업,고등학교,1,42,0,1,1,0,1,0,0,0,취업알선,남,1,1,0,726,61,54,92,95,186,30,39,2,99,6,100,11,42,16,CA,21185,시도 일치,1,13,7999,대분류 일치,소분류 일치,77,21,14,0.255,92,39,54,1,81,1,1,0,865,974,85756929718238898
297833,827640,30,온라인,1,필요,0,1,0,일용,28,0,557,211,909,44994,15863,35723,55,75,66,29,4,63,재학,4년제 대학,0,31,0,1,0,0,1,0,0,0,취업알선,남,1,0,0,245,25,43,85,65,147,88,82,354,81,74,20,79,53,5,IS,67617,시군구 일치,0,95,2074,소분류 일치,대분류 일치,23,81,42,0.959,11,77,79,0,25,0,0,1,598,168,64354986835982409
156829,779394,46,온라인,1,불필요,1,0,1,상용,6,1,307,847,485,83716,52859,70424,33,66,72,30,66,93,재학,(2/4년제) 대학,1,20,1,0,1,1,0,0,0,0,직업훈련,여,0,0,1,654,23,6,49,5,26,78,83,151,9,47,92,38,84,5,CA,27656,시도 일치,0,34,5999,소분류 일치,소분류 일치,86,35,0,0.384,83,23,26,1,99,1,1,1,425,898,49029122539319699
893302,568378,68,고용24,0,불필요,1,0,0,상용,72,0,576,468,999,67636,92792,45868,65,13,73,14,61,14,재학,4년제 대학,0,94,1,1,0,1,1,1,1,1,취업알선,여,0,1,1,961,19,76,46,85,0,79,2,145,7,96,49,8,91,57,CA,76983,시군구 일치,1,32,1271,중분류 일치,소분류 일치,72,49,25,0.675,13,63,38,0,70,1,0,1,615,866,44944693289867258
542427,141072,52,고용24,0,필요,1,1,1,상용,52,0,350,593,405,11497,63838,50378,16,79,84,82,58,66,재학,(2/4년제) 대학,1,82,1,0,1,1,0,1,0,1,구직급여,남,0,0,0,709,62,14,21,39,42,48,71,249,39,77,92,43,78,68,IS,53107,시군구 일치,0,54,9102,중분류 일치,대분류 일치,97,90,11,0.483,34,43,6,1,46,0,0,1,533,180,55221167303012056
661867,616007,18,고용24,0,불필요,0,1,1,상용,52,1,201,423,218,40852,93897,30781,97,99,80,100,60,94,재학,(2/4년제) 대학,0,50,1,1,1,1,0,0,1,0,구직급여,여,1,1,0,328,82,2,91,7,309,32,67,325,67,12,12,17,26,49,IS,36746,시도 일치,1,23,8824,중분류 일치,중분류 일치,68,40,10,0.054,55,33,40,0,99,0,1,1,625,512,90825817090496337
359509,419833,67,오프라인,0,불필요,0,0,0,일용,0,0,307,574,729,39858,86682,25464,84,21,45,31,65,56,재학,4년제 대학,1,34,0,1,0,0,1,1,1,0,구직급여,여,1,0,1,873,77,70,29,94,358,31,22,159,96,62,94,11,23,71,IS,10028,시군구 일치,0,91,6582,대분류 일치,대분류 일치,47,30,4,0.494,23,43,97,1,60,1,1,0,808,746,94032260311251945
150519,776499,32,오프라인,1,불필요,0,0,0,일용,95,0,522,391,132,47295,78592,71551,21,26,36,37,40,51,중퇴,(2/4년제) 대학,1,10,1,1,0,1,0,1,0,1,구직급여,남,1,1,1,712,29,1,84,67,250,89,100,72,1,84,92,94,96,2,IS,90246,시도 일치,0,98,6931,대분류 일치,대분류 일치,82,7,33,0.676,66,93,48,1,36,0,1,1,638,247,58466324258360932
290454,313900,26,온라인,0,불필요,0,0,0,일용,48,1,262,866,564,75344,18323,69565,85,35,77,91,32,77,중퇴,4년제 대학,1,93,1,1,0,0,1,1,1,1,취업알선,여,0,1,0,193,8,45,3,31,20,100,0,77,71,87,48,91,18,45,CA,91440,시도 일치,1,66,6486,소분류 일치,대분류 일치,45,33,40,0.323,38,14,37,1,62,1,1,0,303,640,90370775905747410
223753,517764,73,오프라인,1,필요,1,1,1,상용,20,1,226,300,949,58217,46056,89799,20,2,34,73,93,32,중퇴,고등학교,1,70,1,1,0,0,1,0,1,0,직업훈련,여,1,0,0,789,71,94,13,38,337,9,13,178,51,74,90,68,59,100,IS,64717,시도 일치,0,37,1859,소분류 일치,소분류 일치,32,99,16,0.911,55,42,95,1,11,1,0,1,361,625,29758220444984800
286689,664493,56,오프라인,0,불필요,0,1,0,상용,65,1,602,635,382,97615,62392,23992,71,63,20,2,19,1,재학,고등학교,1,47,0,1,0,0,0,0,0,0,취업알선,남,1,1,1,642,73,53,53,65,334,71,92,5,53,97,68,48,76,66,CA,89172,시군구 일치,1,70,6013,소분류 일치,대분류 일치,2,35,11,0.44,59,63,80,0,74,0,0,0,971,104,27283109168331289
228923,214243,9,고용24,1,불필요,1,1,1,상용,20,1,379,155,711,90661,91249,73429,31,59,85,20,24,23,중퇴,(2/4년제) 대학,1,50,0,1,1,1,0,1,1,0,직업훈련,여,0,0,1,168,53,44,77,36,53,94,71,93,79,65,57,42,75,85,CA,44082,시군구 일치,0,18,8875,소분류 일치,중분류 일치,82,83,42,0.323,13,53,43,1,5,0,0,1,799,786,82639485567702101
621118,845037,6,고용24,1,불필요,0,0,1,일용,54,1,493,878,532,67162,89164,36031,76,36,48,38,58,16,중퇴,4년제 대학,0,4,0,0,1,1,0,0,1,1,구직급여,여,1,1,1,177,14,0,96,75,17,93,69,238,6,13,58,81,78,51,IS,49844,시도 일치,0,18,8470,대분류 일치,소분류 일치,80,95,21,0.094,66,41,91,1,89,0,0,0,787,303,95823613623674601
202315,957568,75,온라인,1,필요,1,0,1,일용,47,0,223,573,708,36569,92071,41807,79,78,27,42,80,14,재학,4년제 대학,1,91,0,1,0,0,0,0,0,1,직업훈련,여,1,0,1,203,27,31,11,37,129,26,33,364,43,93,70,8,32,63,IS,66656,시군구 일치,1,12,8467,대분류 일치,대분류 일치,1,37,2,0.855,64,69,6,0,11,1,0,0,896,264,12035505957676527
631765,905045,24,오프라인,1,필요,0,0,0,상용,14,1,456,824,839,70171,58319,46419,12,39,0,76,70,69,중퇴,고등학교,0,18,0,1,0,1,0,0,0,1,구직급여,남,0,1,1,420,64,34,60,5,237,42,86,123,82,60,56,86,12,62,CA,95304,시도 일치,1,25,7550,대분류 일치,중분류 일치,58,45,27,0.355,56,26,96,0,26,1,0,0,786,443,62091602453524880
613710,339501,79,오프라인,0,필요,1,1,1,상용,46,1,591,170,869,71079,21514,36577,19,42,61,71,100,39,재학,고등학교,0,84,0,1,1,0,0,0,0,0,취업알선,여,1,1,1,286,19,64,9,100,0,56,92,117,62,65,32,82,53,94,IS,30260,시도 일치,0,19,3600,대분류 일치,중분류 일치,71,53,39,0.359,1,14,60,1,42,0,0,1,254,409,52929115424271003
899258,451442,68,오프라인,1,불필요,0,1,0,일용,38,1,368,747,210,64625,50210,88910,42,99,19,77,83,55,재학,(2/4년제) 대학,1,50,1,0,0,1,0,0,0,0,직업훈련,여,1,1,0,622,22,41,40,93,68,18,58,279,3,59,1,85,44,7,CA,28407,시군구 일치,0,8,2927,중분류 일치,중분류 일치,79,8,64,0.245,43,81,18,1,69,0,0,0,454,361,10894483074917361
533679,425978,59,온라인,0,필요,1,0,0,상용,100,1,457,151,458,28534,41276,62179,100,77,78,26,17,82,졸업,(2/4년제) 대학,1,81,1,0,0,0,0,1,0,1,취업알선,여,0,0,0,768,91,9,81,94,136,97,0,104,49,0,68,44,89,49,CA,68451,시군구 일치,0,68,4641,소분류 일치,중분류 일치,66,30,9,0.814,68,36,63,1,86,1,1,1,760,666,87072273240202826
198849,513213,97,고용24,1,불필요,0,1,0,일용,37,0,125,743,131,96351,27465,44760,69,97,73,2,42,10,재학,4년제 대학,1,25,1,1,0,0,0,0,1,0,직업훈련,남,1,0,0,741,63,44,90,1,314,42,19,36,54,63,27,81,66,28,CA,20387,시도 일치,1,27,5167,중분류 일치,소분류 일치,43,69,13,0.7,63,44,70,1,35,1,0,0,495,302,31933807802499724
389753,954707,55,온라인,1,필요,0,1,1,상용,89,0,691,351,794,70474,58247,98249,25,6,50,53,53,74,재학,4년제 대학,0,58,1,1,0,1,1,1,0,1,직업훈련,여,1,1,0,925,36,4,33,32,75,56,69,223,80,30,100,25,32,19,CA,79420,시군구 일치,1,43,5150,대분류 일치,중분류 일치,0,30,69,0.231,4,54,78,0,98,1,1,0,474,531,25372362038264667
546671,446915,37,온라인,0,필요,1,1,1,일용,11,0,116,395,616,99009,78468,27173,41,56,69,29,71,42,재학,4년제 대학,0,87,0,1,0,0,0,1,1,0,구직급여,남,1,1,0,262,89,51,100,42,230,32,84,209,9,38,24,34,56,99,IS,46442,시군구 일치,0,45,7960,대분류 일치,중분류 일치,20,41,100,0.681,30,18,48,0,71,0,1,1,735,850,97742527610699276
374584,366600,3,고용24,1,필요,1,0,0,일용,24,1,956,802,290,70654,48630,27561,62,40,48,69,39,10,졸업,(2/4년제) 대학,0,68,1,1,0,1,0,1,1,0,직업훈련,여,0,0,1,770,49,98,4,44,132,69,30,293,95,5,46,35,10,19,CA,74559,시군구 일치,0,66,2952,소분류 일치,소분류 일치,36,84,34,0.566,41,14,91,1,83,0,1,1,309,435,91127885618965720
361119,828304,55,오프라인,1,불필요,0,0,1,일용,18,1,676,771,833,51810,76728,51352,79,100,65,42,37,67,졸업,고등학교,0,44,1,1,0,1,1,1,1,1,직업훈련,남,1,0,0,573,0,90,28,68,320,58,29,7,48,73,23,67,15,98,CA,35770,시군구 일치,0,77,3401,중분류 일치,대분류 일치,92,70,35,0.091,92,18,30,1,61,1,1,1,660,206,87578057580446989
326326,809065,87,고용24,1,불필요,0,0,1,일용,23,0,294,147,694,72745,55133,51481,20,82,61,56,61,68,재학,고등학교,1,45,0,1,0,0,0,1,0,1,취업알선,남,1,0,0,185,44,24,10,26,356,48,61,8,63,90,16,58,81,19,IS,99121,시군구 일치,0,86,5215,소분류 일치,대분류 일치,1,45,51,0.729,71,57,42,1,60,1,1,1,756,887,31736630231913910
537266,709798,53,온라인,0,필요,1,0,1,일용,87,0,703,459,486,45749,20522,53089,69,67,75,26,91,84,중퇴,4년제 대학,1,44,0,1,1,0,0,0,0,1,취업알선,여,0,0,0,101,23,5,48,6,37,45,60,314,39,51,41,33,15,11,CA,96983,시도 일치,1,84,2943,대분류 일치,대분류 일치,88,52,39,0.633,44,19,5,1,38,0,0,1,879,586,84139071720150912
910096,268901,52,온라인,1,불필요,1,1,0,상용,75,1,302,271,934,93258,98017,66566,40,24,74,75,56,12,중퇴,고등학교,1,19,1,1,0,0,1,1,1,1,취업알선,남,0,1,1,462,91,74,82,57,195,81,3,114,18,79,73,83,26,50,IS,79593,시도 일치,1,73,3295,소분류 일치,대분류 일치,28,76,38,0.809,55,88,97,1,9,0,1,0,478,817,25091149952487827
953667,804400,35,온라인,1,불필요,0,1,1,상용,98,1,667,604,105,62346,85060,56531,34,56,55,32,88,77,재학,고등학교,1,13,0,1,1,0,0,0,0,0,구직급여,남,1,0,1,922,80,16,75,56,260,95,98,141,58,97,79,17,14,66,CA,35842,시도 일치,0,35,8746,소분류 일치,대분류 일치,41,23,69,0.263,63,98,41,0,83,1,1,0,346,707,16604338364634856
739850,986299,95,온라인,0,필요,1,0,1,일용,5,1,310,584,891,54375,44960,91812,95,36,70,24,19,82,재학,고등학교,1,49,1,0,1,1,1,0,0,1,취업알선,남,1,1,1,582,88,0,69,55,152,73,33,125,74,8,90,72,75,8,CA,14497,시군구 일치,1,49,8933,대분류 일치,중분류 일치,50,78,24,0.055,26,94,25,0,18,1,1,0,895,607,19111222676467371
933858,851397,62,오프라인,0,필요,1,1,0,일용,52,1,157,300,606,40578,56233,67633,19,33,2,26,66,16,졸업,(2/4년제) 대학,1,76,0,0,1,0,0,1,0,0,취업알선,남,1,0,0,876,60,94,50,38,184,89,89,228,34,40,25,8,84,27,CA,51362,시군구 일치,0,36,2331,중분류 일치,대분류 일치,68,51,0,0.975,79,1,81,0,92,1,1,0,899,360,82690232789205029
996660,100968,7,온라인,0,필요,0,1,0,일용,25,0,196,183,757,12774,55171,10097,28,12,47,6,56,35,재학,(2/4년제) 대학,1,11,0,1,1,0,0,1,1,1,취업알선,남,1,1,0,390,69,79,32,46,93,14,62,184,30,79,67,94,24,20,IS,36181,시군구 일치,0,13,4718,중분류 일치,대분류 일치,95,51,82,0.852,95,20,68,1,87,1,0,0,835,643,46240720354466021
784090,934513,59,고용24,0,필요,0,0,0,일용,0,0,392,417,157,49891,97786,17451,22,27,66,44,30,29,재학,(2/4년제) 대학,1,34,1,1,0,1,0,1,0,0,구직급여,남,1,0,1,815,99,72,85,21,300,22,73,256,84,95,56,19,100,65,IS,16006,시도 일치,1,37,1731,소분류 일치,소분류 일치,35,0,34,0.868,87,79,96,1,94,0,0,0,554,276,92322318906972935
875744,682147,40,오프라인,0,필요,0,1,0,상용,20,1,912,485,790,85939,95781,99323,100,59,50,8,13,71,중퇴,4년제 대학,0,43,0,0,0,0,1,0,1,1,취업알선,남,1,1,1,513,88,14,89,28,285,25,20,116,64,94,0,62,11,79,IS,32655,시군구 일치,0,14,4690,소분류 일치,중분류 일치,20,88,72,0.638,64,7,25,1,4,0,0,0,464,798,20180763888790001
803823,638787,19,온라인,1,필요,1,0,1,일용,19,1,573,766,190,21345,94529,71917,15,63,27,60,96,56,중퇴,고등학교,0,97,1,1,0,0,0,0,1,1,구직급여,여,1,1,1,972,44,90,8,62,149,87,60,278,43,55,56,7,77,92,IS,59816,시도 일치,1,100,2392,대분류 일치,대분류 일치,46,51,98,0.501,30,50,97,0,40,0,1,0,842,926,37743364552001427
516855,638810,90,오프라인,0,필요,0,0,0,일용,26,0,391,578,365,27167,66476,71859,87,9,22,55,61,10,졸업,고등학교,1,56,0,1,1,0,1,0,1,1,취업알선,남,0,0,0,526,61,36,95,32,54,47,7,151,20,85,39,34,97,12,CA,73064,시도 일치,1,65,5793,소분류 일치,중분류 일치,55,22,68,0.77,34,76,26,1,91,1,1,0,464,358,27995840030253882
350117,605858,10,온라인,1,필요,1,0,0,일용,42,1,461,813,200,92988,62675,61405,53,30,38,8,66,58,재학,(2/4년제) 대학,0,90,1,0,1,0,0,0,1,0,취업알선,남,0,1,0,678,90,62,61,44,146,34,89,41,12,84,56,85,84,30,IS,34043,시도 일치,0,41,4248,소분류 일치,중분류 일치,83,99,10,0.169,66,25,76,0,19,0,1,1,259,947,81304296645849963
947499,940945,53,오프라인,1,불필요,0,1,1,일용,90,1,274,762,808,96376,90352,97347,0,62,19,90,23,76,졸업,4년제 대학,0,33,1,0,0,0,1,0,1,0,취업알선,남,0,1,0,929,53,21,85,45,156,23,53,69,27,73,57,77,8,43,CA,24984,시도 일치,1,91,4891,대분류 일치,대분류 일치,84,61,5,0.764,88,89,14,0,88,0,0,1,526,387,12469163025413424
565859,586826,39,온라인,0,불필요,0,0,0,일용,6,1,404,687,144,97676,21039,30471,58,57,52,8,19,62,재학,4년제 대학,1,33,0,1,0,1,1,0,1,1,취업알선,남,0,0,1,741,28,40,12,46,337,46,21,288,94,45,63,92,31,91,IS,75474,시군구 일치,0,61,8590,중분류 일치,중분류 일치,20,35,39,0.969,60,80,28,0,50,1,0,0,682,347,33973346934374912
202044,614612,0,온라인,1,필요,0,0,1,일용,41,1,955,476,759,58052,50997,73577,89,28,20,85,31,54,중퇴,고등학교,0,0,1,1,0,0,1,1,0,0,구직급여,남,1,0,1,717,54,69,27,57,233,68,84,174,20,29,60,54,43,40,IS,50214,시군구 일치,0,91,6066,대분류 일치,소분류 일치,35,92,69,0.008,69,67,20,1,88,1,0,0,109,994,98771564342019184
824123,244945,32,고용24,1,필요,1,1,1,일용,44,0,973,916,107,85073,95078,42483,43,82,30,18,31,33,중퇴,고등학교,0,54,1,1,0,1,0,0,0,0,취업알선,남,0,1,1,622,29,15,62,81,288,29,97,239,57,100,80,57,26,20,CA,82884,시도 일치,1,13,7862,대분류 일치,대분류 일치,52,24,89,0.906,90,10,91,1,91,1,0,0,728,289,41325540180651067
157927,519910,13,온라인,0,필요,1,1,1,상용,70,0,392,506,907,32192,91834,61978,83,99,15,70,52,61,재학,(2/4년제) 대학,0,90,0,0,1,0,0,1,0,0,직업훈련,남,1,1,0,117,63,30,99,17,45,63,71,151,52,33,6,5,26,55,CA,38081,시군구 일치,0,8,2848,소분류 일치,대분류 일치,48,74,76,0.774,5,23,22,1,39,1,0,1,936,187,82448784188805835
789409,578520,51,오프라인,1,필요,1,1,0,일용,0,0,448,599,736,97530,78870,81001,47,100,85,90,77,88,졸업,4년제 대학,0,25,1,0,1,0,1,0,0,0,구직급여,여,0,0,1,240,50,82,3,100,7,19,97,271,19,76,56,87,58,19,CA,54746,시군구 일치,1,91,1150,중분류 일치,소분류 일치,37,12,64,0.257,22,76,34,1,32,0,1,1,618,449,88659320700099370
355306,743668,85,오프라인,0,불필요,1,0,1,상용,54,0,288,310,668,93477,12287,77488,8,70,37,26,55,94,중퇴,고등학교,0,16,0,0,0,0,1,0,1,0,취업알선,여,0,0,0,625,46,3,42,7,21,6,28,73,98,92,29,16,81,97,CA,42384,시군구 일치,1,42,8268,소분류 일치,소분류 일치,86,33,69,0.078,62,41,39,1,14,0,1,1,408,852,21208676554343967
616295,112632,21,고용24,0,필요,0,0,1,일용,91,1,831,196,259,84788,89535,74555,98,51,38,12,36,9,중퇴,고등학교,1,42,1,1,1,1,1,1,1,0,직업훈련,여,1,0,0,715,59,48,31,29,226,38,15,172,38,73,11,60,19,10,CA,87647,시도 일치,1,74,7492,중분류 일치,소분류 일치,14,29,32,0.815,87,73,32,0,6,0,1,1,107,954,28731082158891623
663295,577686,20,온라인,0,불필요,1,0,1,일용,56,0,431,873,256,98913,75195,32166,29,68,90,70,97,34,졸업,고등학교,1,60,0,0,1,1,0,0,1,0,직업훈련,남,0,0,1,107,82,55,35,92,46,59,43,246,35,46,71,17,65,6,IS,62587,시도 일치,0,37,2140,대분류 일치,소분류 일치,67,3,50,0.79,4,54,87,1,69,1,0,0,975,624,32108757026222461
866277,984459,100,고용24,0,필요,1,1,1,상용,62,1,530,954,764,54905,15558,11941,44,3,83,32,28,69,중퇴,(2/4년제) 대학,1,71,1,1,1,0,1,0,0,0,직업훈련,여,1,1,0,328,17,17,80,56,15,87,28,140,63,67,85,67,45,84,CA,11456,시도 일치,1,29,4708,중분류 일치,중분류 일치,78,40,96,0.973,63,66,33,0,34,1,1,1,106,190,75018591459963496
958548,690285,35,온라인,0,필요,0,1,1,상용,84,1,804,973,191,38187,83860,86019,97,87,0,24,51,6,졸업,4년제 대학,0,95,0,1,0,1,1,0,0,0,취업알선,여,1,1,0,995,97,97,57,6,143,67,12,345,90,16,57,14,59,14,IS,18333,시도 일치,1,6,9576,대분류 일치,중분류 일치,49,4,67,0.076,52,80,95,1,57,1,1,1,828,333,37448992981586962
866823,783553,33,온라인,0,필요,1,1,0,일용,58,0,849,457,277,43188,79624,31710,33,30,28,14,57,49,중퇴,4년제 대학,0,38,0,1,1,1,1,0,1,0,직업훈련,남,0,1,0,645,21,54,31,0,185,68,93,206,98,47,76,38,18,85,CA,89022,시군구 일치,0,39,8910,소분류 일치,중분류 일치,30,66,83,0.785,65,54,38,0,56,1,1,0,650,405,76221960196369280
516372,848228,23,고용24,0,불필요,1,1,0,일용,21,0,246,433,433,19356,89180,93895,35,41,83,75,56,57,졸업,4년제 대학,0,77,1,0,1,0,1,1,0,1,구직급여,남,1,1,1,372,26,34,57,88,198,98,36,136,88,36,82,46,66,37,CA,76842,시군구 일치,0,59,4473,중분류 일치,소분류 일치,96,73,76,0.353,23,16,85,1,27,0,0,1,371,552,74168443442162220
434006,442316,62,고용24,1,불필요,1,0,1,일용,21,1,301,741,490,49171,86848,28842,13,6,48,84,63,73,재학,고등학교,0,77,0,0,0,0,1,0,1,0,구직급여,여,0,0,1,509,85,65,55,34,155,74,69,116,49,13,49,97,40,95,IS,65079,시도 일치,0,44,3547,소분류 일치,중분류 일치,19,22,49,0.399,46,61,76,0,10,1,1,0,926,991,39118587196079591
535001,965986,69,고용24,1,필요,1,1,1,상용,61,0,859,840,943,61184,12631,50609,83,45,19,97,68,4,재학,4년제 대학,1,61,1,0,0,1,1,0,1,0,구직급여,남,1,0,0,503,89,47,74,76,242,13,80,294,82,3,48,85,52,10,IS,54291,시군구 일치,0,52,7266,중분류 일치,중분류 일치,36,51,80,0.388,14,17,70,0,24,0,0,0,484,854,77902844788622280
511392,622979,41,오프라인,1,불필요,1,1,0,일용,59,1,148,207,609,36133,69642,37381,68,73,40,8,82,39,중퇴,(2/4년제) 대학,0,74,0,1,1,0,0,1,1,0,구직급여,남,1,0,0,247,22,35,93,13,51,30,53,62,30,16,36,90,8,48,IS,36701,시도 일치,1,92,6691,대분류 일치,대분류 일치,89,4,97,0.329,53,87,26,1,4,1,0,0,503,561,88657698841170513
405758,534088,44,온라인,0,필요,1,1,1,상용,63,1,447,239,151,63674,91338,57380,4,24,37,27,63,54,중퇴,(2/4년제) 대학,1,14,1,0,1,1,1,1,0,0,구직급여,남,0,1,1,650,40,18,62,62,299,100,67,34,35,95,55,67,92,99,CA,25729,시도 일치,0,97,3035,대분류 일치,대분류 일치,90,96,69,0.343,41,31,30,0,33,1,0,1,556,617,49736002321713840
371064,477219,6,오프라인,1,불필요,1,1,0,상용,17,1,454,675,220,14061,63737,99570,74,10,32,23,52,33,재학,(2/4년제) 대학,1,73,0,0,1,0,0,0,0,0,구직급여,남,0,0,1,401,63,77,46,56,302,74,60,261,85,67,57,81,63,18,IS,86363,시군구 일치,0,93,3159,중분류 일치,중분류 일치,43,20,79,0.468,28,56,87,1,40,1,1,1,777,585,49532369287578329
410549,611518,95,고용24,1,필요,1,1,1,상용,48,1,430,823,622,45753,89586,84413,8,38,52,49,99,64,재학,4년제 대학,0,77,0,0,0,0,1,1,1,1,취업알선,여,0,0,1,376,50,98,25,21,223,51,31,307,18,15,42,60,63,46,IS,53037,시도 일치,1,55,7022,중분류 일치,중분류 일치,76,87,61,0.785,8,69,59,0,21,0,0,0,445,164,62499394875962262
829475,986628,87,오프라인,1,불필요,1,0,1,상용,85,1,827,515,592,42767,89208,43867,81,5,58,72,25,16,중퇴,고등학교,1,49,1,0,1,0,1,1,1,0,구직급여,남,1,1,1,519,69,63,77,21,165,69,56,205,46,2,13,66,64,79,IS,62760,시군구 일치,0,95,5723,대분류 일치,중분류 일치,93,82,32,0.47,45,85,45,1,24,1,0,0,657,164,20239942522071510
377401,944975,17,오프라인,0,불필요,0,1,1,상용,48,0,339,708,149,15382,37450,13273,35,74,36,38,49,26,졸업,고등학교,1,53,1,1,0,1,0,1,1,1,직업훈련,여,1,1,0,263,97,94,64,22,293,74,28,245,98,16,51,69,28,82,IS,83540,시도 일치,1,2,6330,소분류 일치,대분류 일치,55,38,87,0.878,95,40,32,1,86,0,0,1,679,292,72956624102792562
544403,547954,39,온라인,0,필요,0,0,1,일용,98,0,600,166,901,65298,54127,84681,16,4,45,14,55,0,재학,4년제 대학,0,15,0,0,1,0,1,1,0,1,직업훈련,여,1,1,0,553,89,55,25,74,71,93,84,140,91,28,43,7,97,23,CA,69488,시군구 일치,0,87,3760,대분류 일치,대분류 일치,73,83,36,0.495,23,28,64,1,58,1,1,0,754,887,72013725351329691
250635,385009,49,온라인,1,필요,1,0,1,일용,9,0,297,193,648,29978,56087,84881,55,12,43,52,54,27,재학,(2/4년제) 대학,0,57,1,0,1,0,1,0,0,0,직업훈련,남,1,0,1,212,43,62,3,52,269,48,22,47,39,42,41,73,81,53,IS,72064,시군구 일치,0,24,6188,대분류 일치,소분류 일치,8,5,56,0.342,8,19,59,0,65,0,1,1,109,370,25620255750804154
606680,826436,35,온라인,1,필요,0,0,0,일용,36,1,530,364,970,36894,51744,87266,77,89,47,78,29,9,졸업,4년제 대학,1,15,1,0,1,0,0,0,0,1,직업훈련,여,0,0,0,926,58,21,24,97,161,7,27,11,70,62,2,35,77,67,IS,30395,시도 일치,0,2,3428,대분류 일치,소분류 일치,69,51,91,0.2,78,58,67,1,65,0,1,1,199,380,84336592677954473
942003,426480,56,고용24,1,필요,1,1,0,일용,33,1,448,542,767,76030,11750,27817,30,49,38,7,88,80,중퇴,4년제 대학,0,64,0,0,0,1,1,0,0,1,직업훈련,남,0,1,1,939,87,13,65,26,296,64,65,13,74,58,22,39,41,94,CA,67120,시도 일치,0,96,6101,소분류 일치,중분류 일치,27,68,45,0.736,30,65,68,0,38,0,0,0,814,385,86091148288350726
533644,543871,2,오프라인,1,필요,1,1,1,일용,91,1,929,545,930,11333,62486,24963,48,29,76,79,55,1,중퇴,(2/4년제) 대학,0,84,1,0,0,0,0,0,1,0,취업알선,여,1,0,0,289,18,8,95,92,329,87,39,318,71,12,34,15,35,31,CA,74572,시군구 일치,1,1,8069,대분류 일치,대분류 일치,91,9,70,0.466,56,3,81,1,94,0,0,1,605,427,17097438983451059
464180,329780,69,오프라인,1,필요,1,1,1,상용,57,0,368,532,507,63973,32508,38510,76,64,83,54,35,34,중퇴,고등학교,1,46,1,1,0,1,0,0,1,1,취업알선,남,1,0,0,973,88,81,89,4,28,11,41,227,34,69,77,18,45,3,IS,94435,시군구 일치,0,71,4390,소분류 일치,중분류 일치,6,76,81,0.147,77,5,87,0,60,0,0,0,142,278,45446425221342196
328439,710969,56,고용24,1,불필요,1,0,1,일용,89,1,521,623,275,82120,20098,61024,5,44,71,77,3,55,중퇴,(2/4년제) 대학,0,68,0,1,1,1,0,1,1,0,구직급여,남,1,1,0,619,44,76,34,34,250,3,20,97,64,11,54,67,75,42,IS,46418,시군구 일치,1,70,4823,소분류 일치,대분류 일치,9,50,61,0.821,41,21,44,0,61,0,1,0,802,883,26472640816376317
359102,873935,8,온라인,1,불필요,0,0,1,일용,32,0,467,847,334,87234,42394,22744,10,91,80,95,75,47,재학,(2/4년제) 대학,0,62,1,1,0,1,0,1,1,1,구직급여,남,1,1,1,437,80,64,6,67,197,85,15,335,15,26,27,28,14,63,CA,72034,시도 일치,1,54,2020,소분류 일치,대분류 일치,34,65,92,0.483,92,95,48,1,67,0,0,1,367,233,77259234131426656
985174,782765,96,오프라인,1,불필요,0,1,1,상용,59,1,844,417,302,68069,23681,17107,80,41,0,80,57,31,재학,고등학교,0,43,1,0,0,1,0,1,0,1,직업훈련,여,0,0,0,575,69,89,87,54,338,70,11,190,51,64,74,49,78,19,IS,53437,시군구 일치,1,39,8299,대분류 일치,소분류 일치,71,47,44,0.096,96,20,58,1,46,0,1,1,533,768,86535037931963840
226048,499694,6,오프라인,0,불필요,1,0,1,상용,91,1,143,111,655,71582,11291,71565,52,41,91,94,9,99,중퇴,4년제 대학,0,55,1,1,1,1,0,0,1,1,직업훈련,여,0,0,1,349,56,6,35,94,237,44,68,124,0,83,17,24,19,31,IS,19770,시군구 일치,1,57,7994,중분류 일치,중분류 일치,6,6,70,0.233,58,82,20,0,46,1,0,0,925,749,78006105064715548
595683,521660,95,오프라인,1,필요,0,0,0,일용,70,1,187,135,862,26511,34121,71472,64,2,27,43,57,50,중퇴,고등학교,0,47,0,0,1,0,0,1,0,0,직업훈련,여,1,0,0,211,69,10,55,92,296,82,11,30,4,79,24,89,68,54,IS,51412,시군구 일치,1,16,4957,대분류 일치,대분류 일치,83,39,82,0.926,45,64,99,0,99,1,1,1,839,413,82497571551931977
518228,235785,0,온라인,1,불필요,1,1,1,상용,4,1,307,538,594,70099,66181,44113,95,18,99,70,89,88,중퇴,고등학교,0,42,1,0,0,0,1,1,0,1,직업훈련,여,0,1,0,501,51,89,39,62,266,99,88,109,96,33,70,44,85,54,CA,67950,시도 일치,0,22,4430,중분류 일치,소분류 일치,35,12,66,0.118,61,87,3,0,76,1,1,1,899,415,33566983138938037
972781,370709,20,오프라인,0,불필요,0,0,0,상용,30,0,783,683,272,90783,93087,49323,22,16,74,6,50,23,중퇴,4년제 대학,0,86,1,1,0,0,1,0,0,1,직업훈련,여,1,1,0,810,19,100,22,18,137,91,75,267,61,75,46,66,87,49,IS,17066,시군구 일치,0,42,3611,중분류 일치,중분류 일치,48,99,74,0.401,51,88,42,1,33,1,1,1,916,162,54890272267589225
