{
  "SEEK_CUST_NO": "3158228189499",
  "CONTENTS": [
    {
      "TMPL_SEQNO": 1,
      "RESUME_TITLE": "OOO님의 이력서입니다.",
      "BASIC_RESUME_YN": "Y",
      "RESUME_CONTENTS": [
        {
          "RESUME_ITEM_CLCD": "5",
          "DS_RESUME_ITEM_CLCD": "해외연수",
          "SEQNO": 1,
          "RESUME_ITEM_1_CD": "00000000",
          "DS_RESUME_ITEM_1_CD": "",
          "RESUME_ITEM_2_CD": "25",
          "DS_RESUME_ITEM_2_CD": "해외인턴",
          "RESUME_ITEM_3_CD": "",
          "DS_RESUME_ITEM_3_CD": "",
          "RESUME_ITEM_4_CD": "",
          "DS_RESUME_ITEM_4_CD": "",
          "RESUME_ITEM_1_NM": "워킹홀리데이",
          "RESUME_ITEM_2_NM": "어학습득",
          "RESUME_ITEM_3_NM": "독일",
          "RESUME_ITEM_1_VAL": "",
          "HIST_STDT": "20200626",
          "HIST_ENDT": "20210612",
          "HIST_ITEM_GRDCD": "",
          "DS_HIST_ITEM_GRDCD": "",
          "ETC_ITEM_CONT": "기타내용",
          "CAREER_MMCNT": "",
          "RESUME_ITEM_5_CD": "",
          "RESUME_ITEM_5_NM": "",
          "RESUME_ITEM_6_CD": "",
          "RESUME_ITEM_6_NM": "",
          "COMP_NM_OPEN_YN": "",
          "JSCD": "",
          "SLRY_AMT": "",
          "EMMD_OCCP_CL_YEAR": ""
        },
        {
          "RESUME_ITEM_CLCD": "6",
          "DS_RESUME_ITEM_CLCD": "수상경력",
          "SEQNO": 2,
          "RESUME_ITEM_1_CD": "00000000",
          "DS_RESUME_ITEM_1_CD": "",
          "RESUME_ITEM_2_CD": "1",
          "DS_RESUME_ITEM_2_CD": "",
          "RESUME_ITEM_3_CD": "",
          "DS_RESUME_ITEM_3_CD": "",
          "RESUME_ITEM_4_CD": "",
          "DS_RESUME_ITEM_4_CD": "",
          "RESUME_ITEM_1_NM": "공모전 수상",
          "RESUME_ITEM_2_NM": "OO협회",
          "RESUME_ITEM_3_NM": "",
          "RESUME_ITEM_1_VAL": "",
          "HIST_STDT": "20200719",
          "HIST_ENDT": "",
          "HIST_ITEM_GRDCD": "",
          "DS_HIST_ITEM_GRDCD": "",
          "ETC_ITEM_CONT": "주요활동",
          "CAREER_MMCNT": "",
          "RESUME_ITEM_5_CD": "",
          "RESUME_ITEM_5_NM": "",
          "RESUME_ITEM_6_CD": "",
          "RESUME_ITEM_6_NM": "",
          "COMP_NM_OPEN_YN": "",
          "JSCD": "",
          "SLRY_AMT": "",
          "EMMD_OCCP_CL_YEAR": ""
        },
        {
          "RESUME_ITEM_CLCD": "9",
          "DS_RESUME_ITEM_CLCD": "학력",
          "SEQNO": 3,
          "RESUME_ITEM_1_CD": "1",
          "DS_RESUME_ITEM_1_CD": "대학교(4년제)",
          "RESUME_ITEM_2_CD": "127900",
          "DS_RESUME_ITEM_2_CD": "산업공학",
          "RESUME_ITEM_3_CD": "116165",
          "DS_RESUME_ITEM_3_CD": "통계학",
          "RESUME_ITEM_4_CD": "18",
          "DS_RESUME_ITEM_4_CD": "재학",
          "RESUME_ITEM_1_NM": "OO전문대",
          "RESUME_ITEM_2_NM": "기계공학",
          "RESUME_ITEM_3_NM": "컴퓨터공학",
          "RESUME_ITEM_1_VAL": "",
          "HIST_STDT": "20240314",
          "HIST_ENDT": "20240613",
          "HIST_ITEM_GRDCD": "",
          "DS_HIST_ITEM_GRDCD": "",
          "ETC_ITEM_CONT": "학점 / 총점",
          "CAREER_MMCNT": "",
          "RESUME_ITEM_5_CD": "",
          "RESUME_ITEM_5_NM": "",
          "RESUME_ITEM_6_CD": "",
          "RESUME_ITEM_6_NM": "",
          "COMP_NM_OPEN_YN": "",
          "JSCD": "",
          "SLRY_AMT": "",
          "EMMD_OCCP_CL_YEAR": ""
        },
        {
          "RESUME_ITEM_CLCD": "7",
          "DS_RESUME_ITEM_CLCD": "전산능력",
          "SEQNO": 4,
          "RESUME_ITEM_1_CD": "3",
          "DS_RESUME_ITEM_1_CD": "문서작성",
          "RESUME_ITEM_2_CD": "",
          "DS_RESUME_ITEM_2_CD": "",
          "RESUME_ITEM_3_CD": "",
          "DS_RESUME_ITEM_3_CD": "",
          "RESUME_ITEM_4_CD": "",
          "DS_RESUME_ITEM_4_CD": "",
          "RESUME_ITEM_1_NM": "",
          "RESUME_ITEM_2_NM": "",
          "RESUME_ITEM_3_NM": "",
          "RESUME_ITEM_1_VAL": "",
          "HIST_STDT": "",
          "HIST_ENDT": "",
          "HIST_ITEM_GRDCD": "",
          "DS_HIST_ITEM_GRDCD": "",
          "ETC_ITEM_CONT": "기타 컴퓨터 활용능력",
          "CAREER_MMCNT": "",
          "RESUME_ITEM_5_CD": "",
          "RESUME_ITEM_5_NM": "",
          "RESUME_ITEM_6_CD": "",
          "RESUME_ITEM_6_NM": "",
          "COMP_NM_OPEN_YN": "",
          "JSCD": "",
          "SLRY_AMT": "",
          "EMMD_OCCP_CL_YEAR": ""
        },
        {
          "RESUME_ITEM_CLCD": "1",
          "DS_RESUME_ITEM_CLCD": "자격면허",
          "SEQNO": 5,
          "RESUME_ITEM_1_CD": "8012902",
          "DS_RESUME_ITEM_1_CD": "직무관련자격증",
          "RESUME_ITEM_2_CD": "",
          "DS_RESUME_ITEM_2_CD": "",
          "RESUME_ITEM_3_CD": "",
          "DS_RESUME_ITEM_3_CD": "",
          "RESUME_ITEM_4_CD": "",
          "DS_RESUME_ITEM_4_CD": "",
          "RESUME_ITEM_1_NM": "한국산업인력공단",
          "RESUME_ITEM_2_NM": "",
          "RESUME_ITEM_3_NM": "",
          "RESUME_ITEM_1_VAL": "",
          "HIST_STDT": "20250829",
          "HIST_ENDT": "",
          "HIST_ITEM_GRDCD": "",
          "DS_HIST_ITEM_GRDCD": "",
          "ETC_ITEM_CONT": "자격증명",
          "CAREER_MMCNT": "",
          "RESUME_ITEM_5_CD": "",
          "RESUME_ITEM_5_NM": "",
          "RESUME_ITEM_6_CD": "",
          "RESUME_ITEM_6_NM": "",
          "COMP_NM_OPEN_YN": "",
          "JSCD": "",
          "SLRY_AMT": "",
          "EMMD_OCCP_CL_YEAR": ""
        },
        {
          "RESUME_ITEM_CLCD": "4",
          "DS_RESUME_ITEM_CLCD": "개인경력",
          "SEQNO": 6,
          "RESUME_ITEM_1_CD": "00000000",
          "DS_RESUME_ITEM_1_CD": "",
          "RESUME_ITEM_2_CD": "Y",
          "DS_RESUME_ITEM_2_CD": "",
          "RESUME_ITEM_3_CD": "",
          "DS_RESUME_ITEM_3_CD": "",
          "RESUME_ITEM_4_CD": "N",
          "DS_RESUME_ITEM_4_CD": "",
          "RESUME_ITEM_1_NM": "OO기업",
          "RESUME_ITEM_2_NM": "검사/포장",
          "RESUME_ITEM_3_NM": "인턴",
          "RESUME_ITEM_1_VAL": "",
          "HIST_STDT": "20251221",
          "HIST_ENDT": "20251231",
          "HIST_ITEM_GRDCD": "",
          "DS_HIST_ITEM_GRDCD": "",
          "ETC_ITEM_CONT": "기타사항",
          "CAREER_MMCNT": "5",
          "RESUME_ITEM_5_CD": "",
          "RESUME_ITEM_5_NM": "",
          "RESUME_ITEM_6_CD": "",
          "RESUME_ITEM_6_NM": "",
          "COMP_NM_OPEN_YN": "Y",
          "JSCD": "204751",
          "SLRY_AMT": "700",
          "EMMD_OCCP_CL_YEAR": "2025"
        },
        {
          "RESUME_ITEM_CLCD": "10",
          "DS_RESUME_ITEM_CLCD": "봉사활동",
          "SEQNO": 7,
          "RESUME_ITEM_1_CD": "00000000",
          "DS_RESUME_ITEM_1_CD": "",
          "RESUME_ITEM_2_CD": "",
          "DS_RESUME_ITEM_2_CD": "",
          "RESUME_ITEM_3_CD": "",
          "DS_RESUME_ITEM_3_CD": "",
          "RESUME_ITEM_4_CD": "",
          "DS_RESUME_ITEM_4_CD": "",
          "RESUME_ITEM_1_NM": "환경정화 활동",
          "RESUME_ITEM_2_NM": "OO파출소",
          "RESUME_ITEM_3_NM": "동아리/교내활동",
          "RESUME_ITEM_1_VAL": "",
          "HIST_STDT": "20250122",
          "HIST_ENDT": "20251219",
          "HIST_ITEM_GRDCD": "",
          "DS_HIST_ITEM_GRDCD": "",
          "ETC_ITEM_CONT": "",
          "CAREER_MMCNT": "",
          "RESUME_ITEM_5_CD": "",
          "RESUME_ITEM_5_NM": "주요활동",
          "RESUME_ITEM_6_CD": "",
          "RESUME_ITEM_6_NM": "",
          "COMP_NM_OPEN_YN": "",
          "JSCD": "",
          "SLRY_AMT": "",
          "EMMD_OCCP_CL_YEAR": ""
        }
      ]
    }
  ]
}