{
  "SEEK_CUST_NO": "7780841496982",
  "CONTENTS": [
    {
      "TMPL_SEQNO": 1,
      "RESUME_TITLE": "OOO님의 이력서입니다.",
      "BASIC_RESUME_YN": "Y",
      "RESUME_CONTENTS": [
        {
          "RESUME_ITEM_CLCD": "10",
          "DS_RESUME_ITEM_CLCD": "봉사활동",
          "SEQNO": 1,
          "RESUME_ITEM_1_CD": "00000000",
          "DS_RESUME_ITEM_1_CD": "",
          "RESUME_ITEM_2_CD": "",
          "DS_RESUME_ITEM_2_CD": "",
          "RESUME_ITEM_3_CD": "",
          "DS_RESUME_ITEM_3_CD": "",
          "RESUME_ITEM_4_CD": "",
          "DS_RESUME_ITEM_4_CD": "",
          "RESUME_ITEM_1_NM": "노인복지관 봉사",
          "RESUME_ITEM_2_NM": "OO재단",
          "RESUME_ITEM_3_NM": "인턴",
          "RESUME_ITEM_1_VAL": "",
          "HIST_STDT": "20181219",
          "HIST_ENDT": "20191206",
          "HIST_ITEM_GRDCD": "",
          "DS_HIST_ITEM_GRDCD": "",
          "ETC_ITEM_CONT": "",
          "CAREER_MMCNT": "",
          "RESUME_ITEM_5_CD": "",
          "RESUME_ITEM_5_NM": "주요활동",
          "RESUME_ITEM_6_CD": "",
          "RESUME_ITEM_6_NM": "",
          "COMP_NM_OPEN_YN": "",
          "JSCD": "",
          "SLRY_AMT": "",
          "EMMD_OCCP_CL_YEAR": ""
        },
        {
          "RESUME_ITEM_CLCD": "7",
          "DS_RESUME_ITEM_CLCD": "전산능력",
          "SEQNO": 2,
          "RESUME_ITEM_1_CD": "9",
          "DS_RESUME_ITEM_1_CD": "고급프로그램활용",
          "RESUME_ITEM_2_CD": "",
          "DS_RESUME_ITEM_2_CD": "",
          "RESUME_ITEM_3_CD": "",
          "DS_RESUME_ITEM_3_CD": "",
          "RESUME_ITEM_4_CD": "",
          "DS_RESUME_ITEM_4_CD": "",
          "RESUME_ITEM_1_NM": "",
          "RESUME_ITEM_2_NM": "",
          "RESUME_ITEM_3_NM": "",
          "RESUME_ITEM_1_VAL": "",
          "HIST_STDT": "",
          "HIST_ENDT": "",
          "HIST_ITEM_GRDCD": "",
          "DS_HIST_ITEM_GRDCD": "",
          "ETC_ITEM_CONT": "기타 컴퓨터 활용능력",
          "CAREER_MMCNT": "",
          "RESUME_ITEM_5_CD": "",
          "RESUME_ITEM_5_NM": "",
          "RESUME_ITEM_6_CD": "",
          "RESUME_ITEM_6_NM": "",
          "COMP_NM_OPEN_YN": "",
          "JSCD": "",
          "SLRY_AMT": "",
          "EMMD_OCCP_CL_YEAR": ""
        },
        {
          "RESUME_ITEM_CLCD": "12",
          "DS_RESUME_ITEM_CLCD": "참여프로젝트",
          "SEQNO": 3,
          "RESUME_ITEM_1_CD": "00000000",
          "DS_RESUME_ITEM_1_CD": "",
          "RESUME_ITEM_2_CD": "",
          "DS_RESUME_ITEM_2_CD": "",
          "RESUME_ITEM_3_CD": "",
          "DS_RESUME_ITEM_3_CD": "",
          "RESUME_ITEM_4_CD": "",
          "DS_RESUME_ITEM_4_CD": "",
          "RESUME_ITEM_1_NM": "모바일 앱 개발",
          "RESUME_ITEM_2_NM": "백엔드 개발",
          "RESUME_ITEM_3_NM": "지방자치단체",
          "RESUME_ITEM_1_VAL": "",
          "HIST_STDT": "20211208",
          "HIST_ENDT": "20220309",
          "HIST_ITEM_GRDCD": "",
          "DS_HIST_ITEM_GRDCD": "",
          "ETC_ITEM_CONT": "주요 업무 및 성과",
          "CAREER_MMCNT": "",
          "RESUME_ITEM_5_CD": "",
          "RESUME_ITEM_5_NM": "",
          "RESUME_ITEM_6_CD": "",
          "RESUME_ITEM_6_NM": "",
          "COMP_NM_OPEN_YN": "",
          "JSCD": "",
          "SLRY_AMT": "",
          "EMMD_OCCP_CL_YEAR": ""
        },
        {
          "RESUME_ITEM_CLCD": "1",
          "DS_RESUME_ITEM_CLCD": "자격면허",
          "SEQNO": 4,
          "RESUME_ITEM_1_CD": "9357528",
          "DS_RESUME_ITEM_1_CD": "운전면허",
          "RESUME_ITEM_2_CD": "",
          "DS_RESUME_ITEM_2_CD": "",
          "RESUME_ITEM_3_CD": "",
          "DS_RESUME_ITEM_3_CD": "",
          "RESUME_ITEM_4_CD": "",
          "DS_RESUME_ITEM_4_CD": "",
          "RESUME_ITEM_1_NM": "도로교통공단",
          "RESUME_ITEM_2_NM": "",
          "RESUME_ITEM_3_NM": "",
          "RESUME_ITEM_1_VAL": "",
          "HIST_STDT": "20221213",
          "HIST_ENDT": "",
          "HIST_ITEM_GRDCD": "",
          "DS_HIST_ITEM_GRDCD": "",
          "ETC_ITEM_CONT": "자격증명",
          "CAREER_MMCNT": "",
          "RESUME_ITEM_5_CD": "",
          "RESUME_ITEM_5_NM": "",
          "RESUME_ITEM_6_CD": "",
          "RESUME_ITEM_6_NM": "",
          "COMP_NM_OPEN_YN": "",
          "JSCD": "",
          "SLRY_AMT": "",
          "EMMD_OCCP_CL_YEAR": ""
        },
        {
          "RESUME_ITEM_CLCD": "3",
          "DS_RESUME_ITEM_CLCD": "논문",
          "SEQNO": 5,
          "RESUME_ITEM_1_CD": "00000000",
          "DS_RESUME_ITEM_1_CD": "",
          "RESUME_ITEM_2_CD": "1",
          "DS_RESUME_ITEM_2_CD": "",
          "RESUME_ITEM_3_CD": "",
          "DS_RESUME_ITEM_3_CD": "",
          "RESUME_ITEM_4_CD": "",
          "DS_RESUME_ITEM_4_CD": "",
          "RESUME_ITEM_1_NM": "머신러닝 기반 수요예측",
          "RESUME_ITEM_2_NM": "OO대학교",
          "RESUME_ITEM_3_NM": "딥러닝 이미지 분류 비교",
          "RESUME_ITEM_1_VAL": "",
          "HIST_STDT": "20201102",
          "HIST_ENDT": "",
          "HIST_ITEM_GRDCD": "",
          "DS_HIST_ITEM_GRDCD": "",
          "ETC_ITEM_CONT": "",
          "CAREER_MMCNT": "",
          "RESUME_ITEM_5_CD": "",
          "RESUME_ITEM_5_NM": "",
          "RESUME_ITEM_6_CD": "",
          "RESUME_ITEM_6_NM": "",
          "COMP_NM_OPEN_YN": "",
          "JSCD": "",
          "SLRY_AMT": "",
          "EMMD_OCCP_CL_YEAR": ""
        },
        {
          "RESUME_ITEM_CLCD": "5",
          "DS_RESUME_ITEM_CLCD": "해외연수",
          "SEQNO": 6,
          "RESUME_ITEM_1_CD": "00000000",
          "DS_RESUME_ITEM_1_CD": "",
          "RESUME_ITEM_2_CD": "09",
          "DS_RESUME_ITEM_2_CD": "교환학생",
          "RESUME_ITEM_3_CD": "",
          "DS_RESUME_ITEM_3_CD": "",
          "RESUME_ITEM_4_CD": "",
          "DS_RESUME_ITEM_4_CD": "",
          "RESUME_ITEM_1_NM": "워킹홀리데이",
          "RESUME_ITEM_2_NM": "어학습득",
          "RESUME_ITEM_3_NM": "캐나다",
          "RESUME_ITEM_1_VAL": "",
          "HIST_STDT": "20250430",
          "HIST_ENDT": "20250916",
          "HIST_ITEM_GRDCD": "",
          "DS_HIST_ITEM_GRDCD": "",
          "ETC_ITEM_CONT": "기타내용",
          "CAREER_MMCNT": "",
          "RESUME_ITEM_5_CD": "",
          "RESUME_ITEM_5_NM": "",
          "RESUME_ITEM_6_CD": "",
          "RESUME_ITEM_6_NM": "",
          "COMP_NM_OPEN_YN": "",
          "JSCD": "",
          "SLRY_AMT": "",
          "EMMD_OCCP_CL_YEAR": ""
        },
        {
          "RESUME_ITEM_CLCD": "9",
          "DS_RESUME_ITEM_CLCD": "학력",
          "SEQNO": 7,
          "RESUME_ITEM_1_CD": "5",
          "DS_RESUME_ITEM_1_CD": "전문대학원",
          "RESUME_ITEM_2_CD": "572661",
          "DS_RESUME_ITEM_2_CD": "컴퓨터공학",
          "RESUME_ITEM_3_CD": "121702",
          "DS_RESUME_ITEM_3_CD": "국문학",
          "RESUME_ITEM_4_CD": "12",
          "DS_RESUME_ITEM_4_CD": "졸업",
          "RESUME_ITEM_1_NM": "OO대학교",
          "RESUME_ITEM_2_NM": "경제학",
          "RESUME_ITEM_3_NM": "디자인",
          "RESUME_ITEM_1_VAL": "",
          "HIST_STDT": "20160510",
          "HIST_ENDT": "20161031",
          "HIST_ITEM_GRDCD": "",
          "DS_HIST_ITEM_GRDCD": "",
          "ETC_ITEM_CONT": "학점 / 총점",
          "CAREER_MMCNT": "",
          "RESUME_ITEM_5_CD": "",
          "RESUME_ITEM_5_NM": "",
          "RESUME_ITEM_6_CD": "",
          "RESUME_ITEM_6_NM": "",
          "COMP_NM_OPEN_YN": "",
          "JSCD": "",
          "SLRY_AMT": "",
          "EMMD_OCCP_CL_YEAR": ""
        }
      ]
    },
    {
      "TMPL_SEQNO": 2,
      "RESUME_TITLE": "OOO님의 이력서입니다.",
      "BASIC_RESUME_YN": "N",
      "RESUME_CONTENTS": [
        {
          "RESUME_ITEM_CLCD": "11",
          "DS_RESUME_ITEM_CLCD": "직업훈련",
          "SEQNO": 1,
          "RESUME_ITEM_1_CD": "",
          "DS_RESUME_ITEM_1_CD": "",
          "RESUME_ITEM_2_CD": "",
          "DS_RESUME_ITEM_2_CD": "",
          "RESUME_ITEM_3_CD": "",
          "DS_RESUME_ITEM_3_CD": "",
          "RESUME_ITEM_4_CD": "",
          "DS_RESUME_ITEM_4_CD": "",
          "RESUME_ITEM_1_NM": "",
          "RESUME_ITEM_2_NM": "",
          "RESUME_ITEM_3_NM": "",
          "RESUME_ITEM_1_VAL": "",
          "HIST_STDT": "",
          "HIST_ENDT": "",
          "HIST_ITEM_GRDCD": "",
          "DS_HIST_ITEM_GRDCD": "",
          "ETC_ITEM_CONT": "",
          "CAREER_MMCNT": "",
          "RESUME_ITEM_5_CD": "",
          "RESUME_ITEM_5_NM": "",
          "RESUME_ITEM_6_CD": "",
          "RESUME_ITEM_6_NM": "",
          "COMP_NM_OPEN_YN": "",
          "JSCD": "",
          "SLRY_AMT": "",
          "EMMD_OCCP_CL_YEAR": ""
        },
        {
          "RESUME_ITEM_CLCD": "12",
          "DS_RESUME_ITEM_CLCD": "참여프로젝트",
          "SEQNO": 2,
          "RESUME_ITEM_1_CD": "00000000",
          "DS_RESUME_ITEM_1_CD": "",
          "RESUME_ITEM_2_CD": "",
          "DS_RESUME_ITEM_2_CD": "",
          "RESUME_ITEM_3_CD": "",
          "DS_RESUME_ITEM_3_CD": "",
          "RESUME_ITEM_4_CD": "",
          "DS_RESUME_ITEM_4_CD": "",
          "RESUME_ITEM_1_NM": "데이터 파이프라인 구축",
          "RESUME_ITEM_2_NM": "PM",
          "RESUME_ITEM_3_NM": "지방자치단체",
          "RESUME_ITEM_1_VAL": "",
          "HIST_STDT": "20220221",
          "HIST_ENDT": "20220829",
          "HIST_ITEM_GRDCD": "",
          "DS_HIST_ITEM_GRDCD": "",
          "ETC_ITEM_CONT": "주요 업무 및 성과",
          "CAREER_MMCNT": "",
          "RESUME_ITEM_5_CD": "",
          "RESUME_ITEM_5_NM": "",
          "RESUME_ITEM_6_CD": "",
          "RESUME_ITEM_6_NM": "",
          "COMP_NM_OPEN_YN": "",
          "JSCD": "",
          "SLRY_AMT": "",
          "EMMD_OCCP_CL_YEAR": ""
        },
        {
          "RESUME_ITEM_CLCD": "7",
          "DS_RESUME_ITEM_CLCD": "전산능력",
          "SEQNO": 3,
          "RESUME_ITEM_1_CD": "1",
          "DS_RESUME_ITEM_1_CD": "MS OFFICE 사용",
          "RESUME_ITEM_2_CD": "",
          "DS_RESUME_ITEM_2_CD": "",
          "RESUME_ITEM_3_CD": "",
          "DS_RESUME_ITEM_3_CD": "",
          "RESUME_ITEM_4_CD": "",
          "DS_RESUME_ITEM_4_CD": "",
          "RESUME_ITEM_1_NM": "",
          "RESUME_ITEM_2_NM": "",
          "RESUME_ITEM_3_NM": "",
          "RESUME_ITEM_1_VAL": "",
          "HIST_STDT": "",
          "HIST_ENDT": "",
          "HIST_ITEM_GRDCD": "",
          "DS_HIST_ITEM_GRDCD": "",
          "ETC_ITEM_CONT": "기타 컴퓨터 활용능력",
          "CAREER_MMCNT": "",
          "RESUME_ITEM_5_CD": "",
          "RESUME_ITEM_5_NM": "",
          "RESUME_ITEM_6_CD": "",
          "RESUME_ITEM_6_NM": "",
          "COMP_NM_OPEN_YN": "",
          "JSCD": "",
          "SLRY_AMT": "",
          "EMMD_OCCP_CL_YEAR": ""
        },
        {
          "RESUME_ITEM_CLCD": "1",
          "DS_RESUME_ITEM_CLCD": "자격면허",
          "SEQNO": 4,
          "RESUME_ITEM_1_CD": "9357528",
          "DS_RESUME_ITEM_1_CD": "운전면허",
          "RESUME_ITEM_2_CD": "",
          "DS_RESUME_ITEM_2_CD": "",
          "RESUME_ITEM_3_CD": "",
          "DS_RESUME_ITEM_3_CD": "",
          "RESUME_ITEM_4_CD": "",
          "DS_RESUME_ITEM_4_CD": "",
          "RESUME_ITEM_1_NM": "한국산업인력공단",
          "RESUME_ITEM_2_NM": "",
          "RESUME_ITEM_3_NM": "",
          "RESUME_ITEM_1_VAL": "",
          "HIST_STDT": "20190916",
          "HIST_ENDT": "",
          "HIST_ITEM_GRDCD": "",
          "DS_HIST_ITEM_GRDCD": "",
          "ETC_ITEM_CONT": "자격증명",
          "CAREER_MMCNT": "",
          "RESUME_ITEM_5_CD": "",
          "RESUME_ITEM_5_NM": "",
          "RESUME_ITEM_6_CD": "",
          "RESUME_ITEM_6_NM": "",
          "COMP_NM_OPEN_YN": "",
          "JSCD": "",
          "SLRY_AMT": "",
          "EMMD_OCCP_CL_YEAR": ""
        }
      ]
    }
  ]
}