{
  "SEEK_CUST_NO": "2262416409453",
  "CONTENTS": [
    {
      "TMPL_SEQNO": 1,
      "RESUME_TITLE": "OOO님의 이력서입니다.",
      "BASIC_RESUME_YN": "Y",
      "RESUME_CONTENTS": [
        {
          "RESUME_ITEM_CLCD": "12",
          "DS_RESUME_ITEM_CLCD": "참여프로젝트",
          "SEQNO": 1,
          "RESUME_ITEM_1_CD": "00000000",
          "DS_RESUME_ITEM_1_CD": "",
          "RESUME_ITEM_2_CD": "",
          "DS_RESUME_ITEM_2_CD": "",
          "RESUME_ITEM_3_CD": "",
          "DS_RESUME_ITEM_3_CD": "",
          "RESUME_ITEM_4_CD": "",
          "DS_RESUME_ITEM_4_CD": "",
          "RESUME_ITEM_1_NM": "데이터 파이프라인 구축",
          "RESUME_ITEM_2_NM": "백엔드 개발",
          "RESUME_ITEM_3_NM": "고용노동부",
          "RESUME_ITEM_1_VAL": "",
          "HIST_STDT": "20240105",
          "HIST_ENDT": "20240228",
          "HIST_ITEM_GRDCD": "",
          "DS_HIST_ITEM_GRDCD": "",
          "ETC_ITEM_CONT": "주요 업무 및 성과",
          "CAREER_MMCNT": "",
          "RESUME_ITEM_5_CD": "",
          "RESUME_ITEM_5_NM": "",
          "RESUME_ITEM_6_CD": "",
          "RESUME_ITEM_6_NM": "",
          "COMP_NM_OPEN_YN": "",
          "JSCD": "",
          "SLRY_AMT": "",
          "EMMD_OCCP_CL_YEAR": ""
        },
        {
          "RESUME_ITEM_CLCD": "1",
          "DS_RESUME_ITEM_CLCD": "자격면허",
          "SEQNO": 2,
          "RESUME_ITEM_1_CD": "1387512",
          "DS_RESUME_ITEM_1_CD": "컴퓨터자격증",
          "RESUME_ITEM_2_CD": "",
          "DS_RESUME_ITEM_2_CD": "",
          "RESUME_ITEM_3_CD": "",
          "DS_RESUME_ITEM_3_CD": "",
          "RESUME_ITEM_4_CD": "",
          "DS_RESUME_ITEM_4_CD": "",
          "RESUME_ITEM_1_NM": "대한상공회의소",
          "RESUME_ITEM_2_NM": "",
          "RESUME_ITEM_3_NM": "",
          "RESUME_ITEM_1_VAL": "",
          "HIST_STDT": "20150118",
          "HIST_ENDT": "",
          "HIST_ITEM_GRDCD": "",
          "DS_HIST_ITEM_GRDCD": "",
          "ETC_ITEM_CONT": "자격증명",
          "CAREER_MMCNT": "",
          "RESUME_ITEM_5_CD": "",
          "RESUME_ITEM_5_NM": "",
          "RESUME_ITEM_6_CD": "",
          "RESUME_ITEM_6_NM": "",
          "COMP_NM_OPEN_YN": "",
          "JSCD": "",
          "SLRY_AMT": "",
          "EMMD_OCCP_CL_YEAR": ""
        },
        {
          "RESUME_ITEM_CLCD": "3",
          "DS_RESUME_ITEM_CLCD": "논문",
          "SEQNO": 3,
          "RESUME_ITEM_1_CD": "00000000",
          "DS_RESUME_ITEM_1_CD": "",
          "RESUME_ITEM_2_CD": "2",
          "DS_RESUME_ITEM_2_CD": "",
          "RESUME_ITEM_3_CD": "",
          "DS_RESUME_ITEM_3_CD": "",
          "RESUME_ITEM_4_CD": "",
          "DS_RESUME_ITEM_4_CD": "",
          "RESUME_ITEM_1_NM": "재직자 직무스트레스와 성과의 관계",
          "RESUME_ITEM_2_NM": "OO연구원",
          "RESUME_ITEM_3_NM": "재직자의 특성 분석 관련 내용",
          "RESUME_ITEM_1_VAL": "",
          "HIST_STDT": "20210514",
          "HIST_ENDT": "",
          "HIST_ITEM_GRDCD": "",
          "DS_HIST_ITEM_GRDCD": "",
          "ETC_ITEM_CONT": "",
          "CAREER_MMCNT": "",
          "RESUME_ITEM_5_CD": "",
          "RESUME_ITEM_5_NM": "",
          "RESUME_ITEM_6_CD": "",
          "RESUME_ITEM_6_NM": "",
          "COMP_NM_OPEN_YN": "",
          "JSCD": "",
          "SLRY_AMT": "",
          "EMMD_OCCP_CL_YEAR": ""
        }
      ]
    },
    {
      "TMPL_SEQNO": 2,
      "RESUME_TITLE": "OOO님의 이력서입니다.",
      "BASIC_RESUME_YN": "N",
      "RESUME_CONTENTS": [
        {
          "RESUME_ITEM_CLCD": "1",
          "DS_RESUME_ITEM_CLCD": "자격면허",
          "SEQNO": 1,
          "RESUME_ITEM_1_CD": "1387512",
          "DS_RESUME_ITEM_1_CD": "컴퓨터자격증",
          "RESUME_ITEM_2_CD": "",
          "DS_RESUME_ITEM_2_CD": "",
          "RESUME_ITEM_3_CD": "",
          "DS_RESUME_ITEM_3_CD": "",
          "RESUME_ITEM_4_CD": "",
          "DS_RESUME_ITEM_4_CD": "",
          "RESUME_ITEM_1_NM": "대한상공회의소",
          "RESUME_ITEM_2_NM": "",
          "RESUME_ITEM_3_NM": "",
          "RESUME_ITEM_1_VAL": "",
          "HIST_STDT": "20211013",
          "HIST_ENDT": "",
          "HIST_ITEM_GRDCD": "",
          "DS_HIST_ITEM_GRDCD": "",
          "ETC_ITEM_CONT": "자격증명",
          "CAREER_MMCNT": "",
          "RESUME_ITEM_5_CD": "",
          "RESUME_ITEM_5_NM": "",
          "RESUME_ITEM_6_CD": "",
          "RESUME_ITEM_6_NM": "",
          "COMP_NM_OPEN_YN": "",
          "JSCD": "",
          "SLRY_AMT": "",
          "EMMD_OCCP_CL_YEAR": ""
        },
        {
          "RESUME_ITEM_CLCD": "12",
          "DS_RESUME_ITEM_CLCD": "참여프로젝트",
          "SEQNO": 2,
          "RESUME_ITEM_1_CD": "00000000",
          "DS_RESUME_ITEM_1_CD": "",
          "RESUME_ITEM_2_CD": "",
          "DS_RESUME_ITEM_2_CD": "",
          "RESUME_ITEM_3_CD": "",
          "DS_RESUME_ITEM_3_CD": "",
          "RESUME_ITEM_4_CD": "",
          "DS_RESUME_ITEM_4_CD": "",
          "RESUME_ITEM_1_NM": "플랫폼 구축 및 실증",
          "RESUME_ITEM_2_NM": "프론트엔드 개발",
          "RESUME_ITEM_3_NM": "고용노동부",
          "RESUME_ITEM_1_VAL": "",
          "HIST_STDT": "20151213",
          "HIST_ENDT": "20160517",
          "HIST_ITEM_GRDCD": "",
          "DS_HIST_ITEM_GRDCD": "",
          "ETC_ITEM_CONT": "주요 업무 및 성과",
          "CAREER_MMCNT": "",
          "RESUME_ITEM_5_CD": "",
          "RESUME_ITEM_5_NM": "",
          "RESUME_ITEM_6_CD": "",
          "RESUME_ITEM_6_NM": "",
          "COMP_NM_OPEN_YN": "",
          "JSCD": "",
          "SLRY_AMT": "",
          "EMMD_OCCP_CL_YEAR": ""
        },
        {
          "RESUME_ITEM_CLCD": "5",
          "DS_RESUME_ITEM_CLCD": "해외연수",
          "SEQNO": 3,
          "RESUME_ITEM_1_CD": "00000000",
          "DS_RESUME_ITEM_1_CD": "",
          "RESUME_ITEM_2_CD": "71",
          "DS_RESUME_ITEM_2_CD": "해외연수",
          "RESUME_ITEM_3_CD": "",
          "DS_RESUME_ITEM_3_CD": "",
          "RESUME_ITEM_4_CD": "",
          "DS_RESUME_ITEM_4_CD": "",
          "RESUME_ITEM_1_NM": "교환학생",
          "RESUME_ITEM_2_NM": "어학습득",
          "RESUME_ITEM_3_NM": "호주",
          "RESUME_ITEM_1_VAL": "",
          "HIST_STDT": "20161115",
          "HIST_ENDT": "20170716",
          "HIST_ITEM_GRDCD": "",
          "DS_HIST_ITEM_GRDCD": "",
          "ETC_ITEM_CONT": "기타내용",
          "CAREER_MMCNT": "",
          "RESUME_ITEM_5_CD": "",
          "RESUME_ITEM_5_NM": "",
          "RESUME_ITEM_6_CD": "",
          "RESUME_ITEM_6_NM": "",
          "COMP_NM_OPEN_YN": "",
          "JSCD": "",
          "SLRY_AMT": "",
          "EMMD_OCCP_CL_YEAR": ""
        },
        {
          "RESUME_ITEM_CLCD": "4",
          "DS_RESUME_ITEM_CLCD": "개인경력",
          "SEQNO": 4,
          "RESUME_ITEM_1_CD": "00000000",
          "DS_RESUME_ITEM_1_CD": "",
          "RESUME_ITEM_2_CD": "Y",
          "DS_RESUME_ITEM_2_CD": "",
          "RESUME_ITEM_3_CD": "",
          "DS_RESUME_ITEM_3_CD": "",
          "RESUME_ITEM_4_CD": "N",
          "DS_RESUME_ITEM_4_CD": "",
          "RESUME_ITEM_1_NM": "OO회사",
          "RESUME_ITEM_2_NM": "검사/포장",
          "RESUME_ITEM_3_NM": "인턴",
          "RESUME_ITEM_1_VAL": "",
          "HIST_STDT": "20180418",
          "HIST_ENDT": "20190330",
          "HIST_ITEM_GRDCD": "",
          "DS_HIST_ITEM_GRDCD": "",
          "ETC_ITEM_CONT": "기타사항",
          "CAREER_MMCNT": "9",
          "RESUME_ITEM_5_CD": "",
          "RESUME_ITEM_5_NM": "",
          "RESUME_ITEM_6_CD": "",
          "RESUME_ITEM_6_NM": "",
          "COMP_NM_OPEN_YN": "Y",
          "JSCD": "184866",
          "SLRY_AMT": "700",
          "EMMD_OCCP_CL_YEAR": "2023"
        }
      ]
    },
    {
      "TMPL_SEQNO": 3,
      "RESUME_TITLE": "OOO님의 이력서입니다.",
      "BASIC_RESUME_YN": "N",
      "RESUME_CONTENTS": [
        {
          "RESUME_ITEM_CLCD": "10",
          "DS_RESUME_ITEM_CLCD": "봉사활동",
          "SEQNO": 1,
          "RESUME_ITEM_1_CD": "00000000",
          "DS_RESUME_ITEM_1_CD": "",
          "RESUME_ITEM_2_CD": "",
          "DS_RESUME_ITEM_2_CD": "",
          "RESUME_ITEM_3_CD": "",
          "DS_RESUME_ITEM_3_CD": "",
          "RESUME_ITEM_4_CD": "",
          "DS_RESUME_ITEM_4_CD": "",
          "RESUME_ITEM_1_NM": "노인복지관 봉사",
          "RESUME_ITEM_2_NM": "OO복지관",
          "RESUME_ITEM_3_NM": "자원봉사",
          "RESUME_ITEM_1_VAL": "",
          "HIST_STDT": "20190721",
          "HIST_ENDT": "20200623",
          "HIST_ITEM_GRDCD": "",
          "DS_HIST_ITEM_GRDCD": "",
          "ETC_ITEM_CONT": "",
          "CAREER_MMCNT": "",
          "RESUME_ITEM_5_CD": "",
          "RESUME_ITEM_5_NM": "주요활동",
          "RESUME_ITEM_6_CD": "",
          "RESUME_ITEM_6_NM": "",
          "COMP_NM_OPEN_YN": "",
          "JSCD": "",
          "SLRY_AMT": "",
          "EMMD_OCCP_CL_YEAR": ""
        },
        {
          "RESUME_ITEM_CLCD": "2",
          "DS_RESUME_ITEM_CLCD": "훈련",
          "SEQNO": 2,
          "RESUME_ITEM_1_CD": "00000000",
          "DS_RESUME_ITEM_1_CD": "",
          "RESUME_ITEM_2_CD": "N",
          "DS_RESUME_ITEM_2_CD": "",
          "RESUME_ITEM_3_CD": "",
          "DS_RESUME_ITEM_3_CD": "",
          "RESUME_ITEM_4_CD": "",
          "DS_RESUME_ITEM_4_CD": "",
          "RESUME_ITEM_1_NM": "직업전문학교",
          "RESUME_ITEM_2_NM": "응용SW 실무 프로젝트",
          "RESUME_ITEM_3_NM": "",
          "RESUME_ITEM_1_VAL": "",
          "HIST_STDT": "",
          "HIST_ENDT": "",
          "HIST_ITEM_GRDCD": "",
          "DS_HIST_ITEM_GRDCD": "",
          "ETC_ITEM_CONT": "",
          "CAREER_MMCNT": "",
          "RESUME_ITEM_5_CD": "",
          "RESUME_ITEM_5_NM": "훈련과정",
          "RESUME_ITEM_6_CD": "",
          "RESUME_ITEM_6_NM": "",
          "COMP_NM_OPEN_YN": "",
          "JSCD": "",
          "SLRY_AMT": "",
          "EMMD_OCCP_CL_YEAR": ""
        },
        {
          "RESUME_ITEM_CLCD": "6",
          "DS_RESUME_ITEM_CLCD": "수상경력",
          "SEQNO": 3,
          "RESUME_ITEM_1_CD": "00000000",
          "DS_RESUME_ITEM_1_CD": "",
          "RESUME_ITEM_2_CD": "3",
          "DS_RESUME_ITEM_2_CD": "",
          "RESUME_ITEM_3_CD": "",
          "DS_RESUME_ITEM_3_CD": "",
          "RESUME_ITEM_4_CD": "",
          "DS_RESUME_ITEM_4_CD": "",
          "RESUME_ITEM_1_NM": "모범상",
          "RESUME_ITEM_2_NM": "OO학회",
          "RESUME_ITEM_3_NM": "",
          "RESUME_ITEM_1_VAL": "",
          "HIST_STDT": "20211125",
          "HIST_ENDT": "",
          "HIST_ITEM_GRDCD": "",
          "DS_HIST_ITEM_GRDCD": "",
          "ETC_ITEM_CONT": "주요활동",
          "CAREER_MMCNT": "",
          "RESUME_ITEM_5_CD": "",
          "RESUME_ITEM_5_NM": "",
          "RESUME_ITEM_6_CD": "",
          "RESUME_ITEM_6_NM": "",
          "COMP_NM_OPEN_YN": "",
          "JSCD": "",
          "SLRY_AMT": "",
          "EMMD_OCCP_CL_YEAR": ""
        },
        {
          "RESUME_ITEM_CLCD": "9",
          "DS_RESUME_ITEM_CLCD": "학력",
          "SEQNO": 4,
          "RESUME_ITEM_1_CD": "5",
          "DS_RESUME_ITEM_1_CD": "전문대학원",
          "RESUME_ITEM_2_CD": "624606",
          "DS_RESUME_ITEM_2_CD": "경영학",
          "RESUME_ITEM_3_CD": "116165",
          "DS_RESUME_ITEM_3_CD": "통계학",
          "RESUME_ITEM_4_CD": "71",
          "DS_RESUME_ITEM_4_CD": "휴학",
          "RESUME_ITEM_1_NM": "OO전문대",
          "RESUME_ITEM_2_NM": "컴퓨터공학",
          "RESUME_ITEM_3_NM": "컴퓨터공학",
          "RESUME_ITEM_1_VAL": "",
          "HIST_STDT": "20220118",
          "HIST_ENDT": "20221018",
          "HIST_ITEM_GRDCD": "",
          "DS_HIST_ITEM_GRDCD": "",
          "ETC_ITEM_CONT": "학점 / 총점",
          "CAREER_MMCNT": "",
          "RESUME_ITEM_5_CD": "",
          "RESUME_ITEM_5_NM": "",
          "RESUME_ITEM_6_CD": "",
          "RESUME_ITEM_6_NM": "",
          "COMP_NM_OPEN_YN": "",
          "JSCD": "",
          "SLRY_AMT": "",
          "EMMD_OCCP_CL_YEAR": ""
        },
        {
          "RESUME_ITEM_CLCD": "12",
          "DS_RESUME_ITEM_CLCD": "참여프로젝트",
          "SEQNO": 5,
          "RESUME_ITEM_1_CD": "00000000",
          "DS_RESUME_ITEM_1_CD": "",
          "RESUME_ITEM_2_CD": "",
          "DS_RESUME_ITEM_2_CD": "",
          "RESUME_ITEM_3_CD": "",
          "DS_RESUME_ITEM_3_CD": "",
          "RESUME_ITEM_4_CD": "",
          "DS_RESUME_ITEM_4_CD": "",
          "RESUME_ITEM_1_NM": "데이터 파이프라인 구축",
          "RESUME_ITEM_2_NM": "프론트엔드 개발",
          "RESUME_ITEM_3_NM": "민간기업",
          "RESUME_ITEM_1_VAL": "",
          "HIST_STDT": "20160821",
          "HIST_ENDT": "20170127",
          "HIST_ITEM_GRDCD": "",
          "DS_HIST_ITEM_GRDCD": "",
          "ETC_ITEM_CONT": "주요 업무 및 성과",
          "CAREER_MMCNT": "",
          "RESUME_ITEM_5_CD": "",
          "RESUME_ITEM_5_NM": "",
          "RESUME_ITEM_6_CD": "",
          "RESUME_ITEM_6_NM": "",
          "COMP_NM_OPEN_YN": "",
          "JSCD": "",
          "SLRY_AMT": "",
          "EMMD_OCCP_CL_YEAR": ""
        },
        {
          "RESUME_ITEM_CLCD": "7",
          "DS_RESUME_ITEM_CLCD": "전산능력",
          "SEQNO": 6,
          "RESUME_ITEM_1_CD": "1",
          "DS_RESUME_ITEM_1_CD": "MS OFFICE 사용",
          "RESUME_ITEM_2_CD": "",
          "DS_RESUME_ITEM_2_CD": "",
          "RESUME_ITEM_3_CD": "",
          "DS_RESUME_ITEM_3_CD": "",
          "RESUME_ITEM_4_CD": "",
          "DS_RESUME_ITEM_4_CD": "",
          "RESUME_ITEM_1_NM": "",
          "RESUME_ITEM_2_NM": "",
          "RESUME_ITEM_3_NM": "",
          "RESUME_ITEM_1_VAL": "",
          "HIST_STDT": "",
          "HIST_ENDT": "",
          "HIST_ITEM_GRDCD": "",
          "DS_HIST_ITEM_GRDCD": "",
          "ETC_ITEM_CONT": "기타 컴퓨터 활용능력",
          "CAREER_MMCNT": "",
          "RESUME_ITEM_5_CD": "",
          "RESUME_ITEM_5_NM": "",
          "RESUME_ITEM_6_CD": "",
          "RESUME_ITEM_6_NM": "",
          "COMP_NM_OPEN_YN": "",
          "JSCD": "",
          "SLRY_AMT": "",
          "EMMD_OCCP_CL_YEAR": ""
        }
      ]
    }
  ]
}