{
  "SEEK_CUST_NO": "3517843140823",
  "CONTENTS": [
    {
      "TMPL_SEQNO": 1,
      "RESUME_TITLE": "OOO님의 이력서입니다.",
      "BASIC_RESUME_YN": "Y",
      "RESUME_CONTENTS": [
        {
          "RESUME_ITEM_CLCD": "5",
          "DS_RESUME_ITEM_CLCD": "해외연수",
          "SEQNO": 1,
          "RESUME_ITEM_1_CD": "00000000",
          "DS_RESUME_ITEM_1_CD": "",
          "RESUME_ITEM_2_CD": "09",
          "DS_RESUME_ITEM_2_CD": "교환학생",
          "RESUME_ITEM_3_CD": "",
          "DS_RESUME_ITEM_3_CD": "",
          "RESUME_ITEM_4_CD": "",
          "DS_RESUME_ITEM_4_CD": "",
          "RESUME_ITEM_1_NM": "해외인턴",
          "RESUME_ITEM_2_NM": "문화교류 프로그램 참여",
          "RESUME_ITEM_3_NM": "미국",
          "RESUME_ITEM_1_VAL": "",
          "HIST_STDT": "20201122",
          "HIST_ENDT": "20210127",
          "HIST_ITEM_GRDCD": "",
          "DS_HIST_ITEM_GRDCD": "",
          "ETC_ITEM_CONT": "기타내용",
          "CAREER_MMCNT": "",
          "RESUME_ITEM_5_CD": "",
          "RESUME_ITEM_5_NM": "",
          "RESUME_ITEM_6_CD": "",
          "RESUME_ITEM_6_NM": "",
          "COMP_NM_OPEN_YN": "",
          "JSCD": "",
          "SLRY_AMT": "",
          "EMMD_OCCP_CL_YEAR": ""
        },
        {
          "RESUME_ITEM_CLCD": "7",
          "DS_RESUME_ITEM_CLCD": "전산능력",
          "SEQNO": 2,
          "RESUME_ITEM_1_CD": "3",
          "DS_RESUME_ITEM_1_CD": "문서작성",
          "RESUME_ITEM_2_CD": "",
          "DS_RESUME_ITEM_2_CD": "",
          "RESUME_ITEM_3_CD": "",
          "DS_RESUME_ITEM_3_CD": "",
          "RESUME_ITEM_4_CD": "",
          "DS_RESUME_ITEM_4_CD": "",
          "RESUME_ITEM_1_NM": "",
          "RESUME_ITEM_2_NM": "",
          "RESUME_ITEM_3_NM": "",
          "RESUME_ITEM_1_VAL": "",
          "HIST_STDT": "",
          "HIST_ENDT": "",
          "HIST_ITEM_GRDCD": "",
          "DS_HIST_ITEM_GRDCD": "",
          "ETC_ITEM_CONT": "기타 컴퓨터 활용능력",
          "CAREER_MMCNT": "",
          "RESUME_ITEM_5_CD": "",
          "RESUME_ITEM_5_NM": "",
          "RESUME_ITEM_6_CD": "",
          "RESUME_ITEM_6_NM": "",
          "COMP_NM_OPEN_YN": "",
          "JSCD": "",
          "SLRY_AMT": "",
          "EMMD_OCCP_CL_YEAR": ""
        },
        {
          "RESUME_ITEM_CLCD": "3",
          "DS_RESUME_ITEM_CLCD": "논문",
          "SEQNO": 3,
          "RESUME_ITEM_1_CD": "00000000",
          "DS_RESUME_ITEM_1_CD": "",
          "RESUME_ITEM_2_CD": "2",
          "DS_RESUME_ITEM_2_CD": "",
          "RESUME_ITEM_3_CD": "",
          "DS_RESUME_ITEM_3_CD": "",
          "RESUME_ITEM_4_CD": "",
          "DS_RESUME_ITEM_4_CD": "",
          "RESUME_ITEM_1_NM": "중소기업 디지털전환 사례연구",
          "RESUME_ITEM_2_NM": "OO연구원",
          "RESUME_ITEM_3_NM": "자동화 도입 효과 분석",
          "RESUME_ITEM_1_VAL": "",
          "HIST_STDT": "20190418",
          "HIST_ENDT": "",
          "HIST_ITEM_GRDCD": "",
          "DS_HIST_ITEM_GRDCD": "",
          "ETC_ITEM_CONT": "",
          "CAREER_MMCNT": "",
          "RESUME_ITEM_5_CD": "",
          "RESUME_ITEM_5_NM": "",
          "RESUME_ITEM_6_CD": "",
          "RESUME_ITEM_6_NM": "",
          "COMP_NM_OPEN_YN": "",
          "JSCD": "",
          "SLRY_AMT": "",
          "EMMD_OCCP_CL_YEAR": ""
        },
        {
          "RESUME_ITEM_CLCD": "11",
          "DS_RESUME_ITEM_CLCD": "직업훈련",
          "SEQNO": 4,
          "RESUME_ITEM_1_CD": "",
          "DS_RESUME_ITEM_1_CD": "",
          "RESUME_ITEM_2_CD": "",
          "DS_RESUME_ITEM_2_CD": "",
          "RESUME_ITEM_3_CD": "",
          "DS_RESUME_ITEM_3_CD": "",
          "RESUME_ITEM_4_CD": "",
          "DS_RESUME_ITEM_4_CD": "",
          "RESUME_ITEM_1_NM": "",
          "RESUME_ITEM_2_NM": "",
          "RESUME_ITEM_3_NM": "",
          "RESUME_ITEM_1_VAL": "",
          "HIST_STDT": "",
          "HIST_ENDT": "",
          "HIST_ITEM_GRDCD": "",
          "DS_HIST_ITEM_GRDCD": "",
          "ETC_ITEM_CONT": "",
          "CAREER_MMCNT": "",
          "RESUME_ITEM_5_CD": "",
          "RESUME_ITEM_5_NM": "",
          "RESUME_ITEM_6_CD": "",
          "RESUME_ITEM_6_NM": "",
          "COMP_NM_OPEN_YN": "",
          "JSCD": "",
          "SLRY_AMT": "",
          "EMMD_OCCP_CL_YEAR": ""
        },
        {
          "RESUME_ITEM_CLCD": "8",
          "DS_RESUME_ITEM_CLCD": "외국어능력",
          "SEQNO": 5,
          "RESUME_ITEM_1_CD": "08",
          "DS_RESUME_ITEM_1_CD": "스페인어",
          "RESUME_ITEM_2_CD": "6",
          "DS_RESUME_ITEM_2_CD": "HSK",
          "RESUME_ITEM_3_CD": "",
          "DS_RESUME_ITEM_3_CD": "",
          "RESUME_ITEM_4_CD": "",
          "DS_RESUME_ITEM_4_CD": "",
          "RESUME_ITEM_1_NM": "",
          "RESUME_ITEM_2_NM": "",
          "RESUME_ITEM_3_NM": "",
          "RESUME_ITEM_1_VAL": "3급",
          "HIST_STDT": "20171102",
          "HIST_ENDT": "",
          "HIST_ITEM_GRDCD": "2",
          "DS_HIST_ITEM_GRDCD": "중",
          "ETC_ITEM_CONT": "",
          "CAREER_MMCNT": "",
          "RESUME_ITEM_5_CD": "",
          "RESUME_ITEM_5_NM": "",
          "RESUME_ITEM_6_CD": "",
          "RESUME_ITEM_6_NM": "",
          "COMP_NM_OPEN_YN": "",
          "JSCD": "",
          "SLRY_AMT": "",
          "EMMD_OCCP_CL_YEAR": ""
        }
      ]
    },
    {
      "TMPL_SEQNO": 2,
      "RESUME_TITLE": "OOO님의 이력서입니다.",
      "BASIC_RESUME_YN": "N",
      "RESUME_CONTENTS": [
        {
          "RESUME_ITEM_CLCD": "5",
          "DS_RESUME_ITEM_CLCD": "해외연수",
          "SEQNO": 1,
          "RESUME_ITEM_1_CD": "00000000",
          "DS_RESUME_ITEM_1_CD": "",
          "RESUME_ITEM_2_CD": "71",
          "DS_RESUME_ITEM_2_CD": "해외연수",
          "RESUME_ITEM_3_CD": "",
          "DS_RESUME_ITEM_3_CD": "",
          "RESUME_ITEM_4_CD": "",
          "DS_RESUME_ITEM_4_CD": "",
          "RESUME_ITEM_1_NM": "워킹홀리데이",
          "RESUME_ITEM_2_NM": "어학습득",
          "RESUME_ITEM_3_NM": "캐나다",
          "RESUME_ITEM_1_VAL": "",
          "HIST_STDT": "20200716",
          "HIST_ENDT": "20201102",
          "HIST_ITEM_GRDCD": "",
          "DS_HIST_ITEM_GRDCD": "",
          "ETC_ITEM_CONT": "기타내용",
          "CAREER_MMCNT": "",
          "RESUME_ITEM_5_CD": "",
          "RESUME_ITEM_5_NM": "",
          "RESUME_ITEM_6_CD": "",
          "RESUME_ITEM_6_NM": "",
          "COMP_NM_OPEN_YN": "",
          "JSCD": "",
          "SLRY_AMT": "",
          "EMMD_OCCP_CL_YEAR": ""
        },
        {
          "RESUME_ITEM_CLCD": "11",
          "DS_RESUME_ITEM_CLCD": "직업훈련",
          "SEQNO": 2,
          "RESUME_ITEM_1_CD": "",
          "DS_RESUME_ITEM_1_CD": "",
          "RESUME_ITEM_2_CD": "",
          "DS_RESUME_ITEM_2_CD": "",
          "RESUME_ITEM_3_CD": "",
          "DS_RESUME_ITEM_3_CD": "",
          "RESUME_ITEM_4_CD": "",
          "DS_RESUME_ITEM_4_CD": "",
          "RESUME_ITEM_1_NM": "",
          "RESUME_ITEM_2_NM": "",
          "RESUME_ITEM_3_NM": "",
          "RESUME_ITEM_1_VAL": "",
          "HIST_STDT": "",
          "HIST_ENDT": "",
          "HIST_ITEM_GRDCD": "",
          "DS_HIST_ITEM_GRDCD": "",
          "ETC_ITEM_CONT": "",
          "CAREER_MMCNT": "",
          "RESUME_ITEM_5_CD": "",
          "RESUME_ITEM_5_NM": "",
          "RESUME_ITEM_6_CD": "",
          "RESUME_ITEM_6_NM": "",
          "COMP_NM_OPEN_YN": "",
          "JSCD": "",
          "SLRY_AMT": "",
          "EMMD_OCCP_CL_YEAR": ""
        },
        {
          "RESUME_ITEM_CLCD": "7",
          "DS_RESUME_ITEM_CLCD": "전산능력",
          "SEQNO": 3,
          "RESUME_ITEM_1_CD": "3",
          "DS_RESUME_ITEM_1_CD": "문서작성",
          "RESUME_ITEM_2_CD": "",
          "DS_RESUME_ITEM_2_CD": "",
          "RESUME_ITEM_3_CD": "",
          "DS_RESUME_ITEM_3_CD": "",
          "RESUME_ITEM_4_CD": "",
          "DS_RESUME_ITEM_4_CD": "",
          "RESUME_ITEM_1_NM": "",
          "RESUME_ITEM_2_NM": "",
          "RESUME_ITEM_3_NM": "",
          "RESUME_ITEM_1_VAL": "",
          "HIST_STDT": "",
          "HIST_ENDT": "",
          "HIST_ITEM_GRDCD": "",
          "DS_HIST_ITEM_GRDCD": "",
          "ETC_ITEM_CONT": "기타 컴퓨터 활용능력",
          "CAREER_MMCNT": "",
          "RESUME_ITEM_5_CD": "",
          "RESUME_ITEM_5_NM": "",
          "RESUME_ITEM_6_CD": "",
          "RESUME_ITEM_6_NM": "",
          "COMP_NM_OPEN_YN": "",
          "JSCD": "",
          "SLRY_AMT": "",
          "EMMD_OCCP_CL_YEAR": ""
        },
        {
          "RESUME_ITEM_CLCD": "2",
          "DS_RESUME_ITEM_CLCD": "훈련",
          "SEQNO": 4,
          "RESUME_ITEM_1_CD": "00000000",
          "DS_RESUME_ITEM_1_CD": "",
          "RESUME_ITEM_2_CD": "Y",
          "DS_RESUME_ITEM_2_CD": "",
          "RESUME_ITEM_3_CD": "",
          "DS_RESUME_ITEM_3_CD": "",
          "RESUME_ITEM_4_CD": "",
          "DS_RESUME_ITEM_4_CD": "",
          "RESUME_ITEM_1_NM": "직업전문학교",
          "RESUME_ITEM_2_NM": "캐드 기초 과정 수료",
          "RESUME_ITEM_3_NM": "",
          "RESUME_ITEM_1_VAL": "",
          "HIST_STDT": "",
          "HIST_ENDT": "",
          "HIST_ITEM_GRDCD": "",
          "DS_HIST_ITEM_GRDCD": "",
          "ETC_ITEM_CONT": "",
          "CAREER_MMCNT": "",
          "RESUME_ITEM_5_CD": "",
          "RESUME_ITEM_5_NM": "훈련과정",
          "RESUME_ITEM_6_CD": "",
          "RESUME_ITEM_6_NM": "",
          "COMP_NM_OPEN_YN": "",
          "JSCD": "",
          "SLRY_AMT": "",
          "EMMD_OCCP_CL_YEAR": ""
        },
        {
          "RESUME_ITEM_CLCD": "3",
          "DS_RESUME_ITEM_CLCD": "논문",
          "SEQNO": 5,
          "RESUME_ITEM_1_CD": "00000000",
          "DS_RESUME_ITEM_1_CD": "",
          "RESUME_ITEM_2_CD": "2",
          "DS_RESUME_ITEM_2_CD": "",
          "RESUME_ITEM_3_CD": "",
          "DS_RESUME_ITEM_3_CD": "",
          "RESUME_ITEM_4_CD": "",
          "DS_RESUME_ITEM_4_CD": "",
          "RESUME_ITEM_1_NM": "머신러닝 기반 수요예측",
          "RESUME_ITEM_2_NM": "OO대학원",
          "RESUME_ITEM_3_NM": "재직자의 특성 분석 관련 내용",
          "RESUME_ITEM_1_VAL": "",
          "HIST_STDT": "20240424",
          "HIST_ENDT": "",
          "HIST_ITEM_GRDCD": "",
          "DS_HIST_ITEM_GRDCD": "",
          "ETC_ITEM_CONT": "",
          "CAREER_MMCNT": "",
          "RESUME_ITEM_5_CD": "",
          "RESUME_ITEM_5_NM": "",
          "RESUME_ITEM_6_CD": "",
          "RESUME_ITEM_6_NM": "",
          "COMP_NM_OPEN_YN": "",
          "JSCD": "",
          "SLRY_AMT": "",
          "EMMD_OCCP_CL_YEAR": ""
        }
      ]
    }
  ]
}