{
  "SEEK_CUST_NO": "1894816491309",
  "CONTENTS": [
    {
      "TMPL_SEQNO": 1,
      "RESUME_TITLE": "OOO님의 이력서입니다.",
      "BASIC_RESUME_YN": "Y",
      "RESUME_CONTENTS": [
        {
          "RESUME_ITEM_CLCD": "10",
          "DS_RESUME_ITEM_CLCD": "봉사활동",
          "SEQNO": 1,
          "RESUME_ITEM_1_CD": "00000000",
          "DS_RESUME_ITEM_1_CD": "",
          "RESUME_ITEM_2_CD": "",
          "DS_RESUME_ITEM_2_CD": "",
          "RESUME_ITEM_3_CD": "",
          "DS_RESUME_ITEM_3_CD": "",
          "RESUME_ITEM_4_CD": "",
          "DS_RESUME_ITEM_4_CD": "",
          "RESUME_ITEM_1_NM": "환경정화 활동",
          "RESUME_ITEM_2_NM": "OO복지관",
          "RESUME_ITEM_3_NM": "동아리/교내활동",
          "RESUME_ITEM_1_VAL": "",
          "HIST_STDT": "20240119",
          "HIST_ENDT": "20241018",
          "HIST_ITEM_GRDCD": "",
          "DS_HIST_ITEM_GRDCD": "",
          "ETC_ITEM_CONT": "",
          "CAREER_MMCNT": "",
          "RESUME_ITEM_5_CD": "",
          "RESUME_ITEM_5_NM": "주요활동",
          "RESUME_ITEM_6_CD": "",
          "RESUME_ITEM_6_NM": "",
          "COMP_NM_OPEN_YN": "",
          "JSCD": "",
          "SLRY_AMT": "",
          "EMMD_OCCP_CL_YEAR": ""
        },
        {
          "RESUME_ITEM_CLCD": "1",
          "DS_RESUME_ITEM_CLCD": "자격면허",
          "SEQNO": 2,
          "RESUME_ITEM_1_CD": "1387512",
          "DS_RESUME_ITEM_1_CD": "컴퓨터자격증",
          "RESUME_ITEM_2_CD": "",
          "DS_RESUME_ITEM_2_CD": "",
          "RESUME_ITEM_3_CD": "",
          "DS_RESUME_ITEM_3_CD": "",
          "RESUME_ITEM_4_CD": "",
          "DS_RESUME_ITEM_4_CD": "",
          "RESUME_ITEM_1_NM": "대한상공회의소",
          "RESUME_ITEM_2_NM": "",
          "RESUME_ITEM_3_NM": "",
          "RESUME_ITEM_1_VAL": "",
          "HIST_STDT": "20230819",
          "HIST_ENDT": "",
          "HIST_ITEM_GRDCD": "",
          "DS_HIST_ITEM_GRDCD": "",
          "ETC_ITEM_CONT": "자격증명",
          "CAREER_MMCNT": "",
          "RESUME_ITEM_5_CD": "",
          "RESUME_ITEM_5_NM": "",
          "RESUME_ITEM_6_CD": "",
          "RESUME_ITEM_6_NM": "",
          "COMP_NM_OPEN_YN": "",
          "JSCD": "",
          "SLRY_AMT": "",
          "EMMD_OCCP_CL_YEAR": ""
        },
        {
          "RESUME_ITEM_CLCD": "9",
          "DS_RESUME_ITEM_CLCD": "학력",
          "SEQNO": 3,
          "RESUME_ITEM_1_CD": "5",
          "DS_RESUME_ITEM_1_CD": "전문대학원",
          "RESUME_ITEM_2_CD": "127900",
          "DS_RESUME_ITEM_2_CD": "산업공학",
          "RESUME_ITEM_3_CD": "624606",
          "DS_RESUME_ITEM_3_CD": "경영학",
          "RESUME_ITEM_4_CD": "48",
          "DS_RESUME_ITEM_4_CD": "졸업예정",
          "RESUME_ITEM_1_NM": "OO전문대",
          "RESUME_ITEM_2_NM": "경제학",
          "RESUME_ITEM_3_NM": "통계학",
          "RESUME_ITEM_1_VAL": "",
          "HIST_STDT": "20170716",
          "HIST_ENDT": "20180115",
          "HIST_ITEM_GRDCD": "",
          "DS_HIST_ITEM_GRDCD": "",
          "ETC_ITEM_CONT": "학점 / 총점",
          "CAREER_MMCNT": "",
          "RESUME_ITEM_5_CD": "",
          "RESUME_ITEM_5_NM": "",
          "RESUME_ITEM_6_CD": "",
          "RESUME_ITEM_6_NM": "",
          "COMP_NM_OPEN_YN": "",
          "JSCD": "",
          "SLRY_AMT": "",
          "EMMD_OCCP_CL_YEAR": ""
        },
        {
          "RESUME_ITEM_CLCD": "12",
          "DS_RESUME_ITEM_CLCD": "참여프로젝트",
          "SEQNO": 4,
          "RESUME_ITEM_1_CD": "00000000",
          "DS_RESUME_ITEM_1_CD": "",
          "RESUME_ITEM_2_CD": "",
          "DS_RESUME_ITEM_2_CD": "",
          "RESUME_ITEM_3_CD": "",
          "DS_RESUME_ITEM_3_CD": "",
          "RESUME_ITEM_4_CD": "",
          "DS_RESUME_ITEM_4_CD": "",
          "RESUME_ITEM_1_NM": "모바일 앱 개발",
          "RESUME_ITEM_2_NM": "PM",
          "RESUME_ITEM_3_NM": "공공기관",
          "RESUME_ITEM_1_VAL": "",
          "HIST_STDT": "20151221",
          "HIST_ENDT": "20160510",
          "HIST_ITEM_GRDCD": "",
          "DS_HIST_ITEM_GRDCD": "",
          "ETC_ITEM_CONT": "주요 업무 및 성과",
          "CAREER_MMCNT": "",
          "RESUME_ITEM_5_CD": "",
          "RESUME_ITEM_5_NM": "",
          "RESUME_ITEM_6_CD": "",
          "RESUME_ITEM_6_NM": "",
          "COMP_NM_OPEN_YN": "",
          "JSCD": "",
          "SLRY_AMT": "",
          "EMMD_OCCP_CL_YEAR": ""
        }
      ]
    }
  ]
}